<?xml version="1.0" encoding="UTF-8"?>
<ifxmlcfg version="1.0">
	<checksum>f37e5853f3b04e1c305beee82b90d202c7a954d2abd19f6ec94903fb4decef70</checksum>

  <horizontalcontainer>
    <verticalcontainer>
      <horizontalcontainer size="-1;100">
        
        <groupcontainer size="-1;80" color="192;192;192">
          <verticalcontainer>
            <text label="Actions (2)" font="Helvetica,12,-1,0,70,0,0,0,0,0"/>
          </verticalcontainer>
        </groupcontainer>
        <text/>
        <groupcontainer size="244;80" color="192;192;192">
          <verticalcontainer>
            <button label="Table of Contents" size="200;40" font="Helvetica,12,-1,0,50,0,0,0,0,0" color="128;255;255">
              <action event="clicked" cmd="loadFile" data="Start.xml"/>
            </button>
          </verticalcontainer>
        </groupcontainer>
      </horizontalcontainer>
      
        <text
          label="The content of the &lt;i>data&lt;/i> attribute depends on the &lt;i>cmd&lt;/i>:
          &lt;table width=&quot;100%&quot; cellspacing=&quot;0&quot; cellpadding=&quot;0&quot; border=&quot;0&quot; align=&quot;center&quot; bgcolor=&quot;#999999&quot;>
          &lt;tr>
          &lt;td>
          &lt;table width=&quot;100%&quot; cellspacing=&quot;2&quot; cellpadding=&quot;0&quot; border=&quot;0&quot;>
          &lt;tr bgcolor=&quot;#ffffff&quot;>
            &lt;td width=&quot;30%&quot;>&lt;b>Command name&lt;/b>&lt;/td>
            &lt;td width=&quot;70%&quot;>&lt;b>Data format&lt;/b>&lt;/td>
          &lt;/tr>
          &lt;tr bgcolor=&quot;#ffffff&quot;>
            &lt;td>&lt;i>sendUSB&lt;/i>&lt;/td>
            &lt;td>A list of constant byte values and/or variables that will be sent to uIO.&lt;br/>
                  The data to be sent is separated by semicolons.&lt;br/>
                  If a list element is a constant, it can be either in decimal or hexadecimal format (with preceeding “0x”).&lt;br/>
                  A variable is deferred by its name. A decimal number before a list element and separated by a colon states the&lt;br/>
                  width of the element in bytes. Negative width values are meant as little endian.&lt;br/>
                  Example: data=“0x02;0x4A;0x02;2:CTRL.CMD”&lt;br/>
                  Sends three constant bytes followed by the value of CTRL.CMD, two byte wide, big endian.
                  &lt;/td>
          &lt;/tr>
          &lt;tr bgcolor=&quot;#ffffff&quot;>
            &lt;td>&lt;i>setDef&lt;/i>&lt;/td>
            &lt;td>An assignment statement in the format&lt;br/>
                  - variable=value&lt;br/>
                  - variable.field=value&lt;br/>
                  The first format sets a variable and its associated UI element, the second one&lt;br/>
                  sets a property within a special UI element, namely image, timer, regview and table.&lt;br/>
                  With these properties the appearance or function of an element can be changed, or a&lt;br/>
                  special action can be triggered. Which properties are available for a certain UI element&lt;br/>
                  can be found in its description.
            &lt;/td>
          &lt;/tr>
          &lt;tr bgcolor=&quot;#ffffff&quot;>
            &lt;td>&lt;i>loadFile&lt;/i>&lt;/td>
            &lt;td>A filename with path to an xml, icwp or script file that is loaded (xml, icwp) or executed (script).&lt;/td>
          &lt;/tr>
          &lt;/table>
          &lt;/td>
          &lt;/tr>
          &lt;/table>
          
          The recdata that optionally comes in conjunction with sendUSB and specifies what to do with the data that (eventually)&lt;br/>
          comes back from the uIO has a list format similar to that of sendUSB. Of course there are no constants allowed,&lt;br/>
          instead a “?” stands for “this byte doesn’t care”, and a variable in the string is supplied with the bytes received.&lt;br/>
          Width specifiers are also allowed.&lt;br/>

          Example: recdata=“?;USB.ERROR_CODE;-2:USB.SPEED1”&lt;br/>
          The first byte read from the uIO is ignored, the second is assigned to variable USB.ERROR_CODE&lt;br/>
          and the next two bytes are assigned to USB.SPEED1, interpreting them as little endian.&lt;br/>
          An UI element can have more than one action (also with the same event), they will be executed in the same sequence as stated in the XML.

        "
        font="Helvetica,12,-1,0,50,0,0,0,0,0" >
      </text>
      <horizontalline size="-1;7"/>
      <text
          label="The third attribute important for &lt;i>action&lt;/i>s is the &lt;i>cond&lt;/i> attribute.&lt;br/>
          It states an additional precondition that must be met to execute the action, e.g. a command is only sent to&lt;br/>
          uIO if the parameter sent is in range (to avoid damage) or dependent on the state of a checkbox a value&lt;br/>
          in a combo is set or another value in a spinbox,...&lt;br/>
          The string of the attribute is a mathematical expression (see &lt;i>math&lt;/i> element later) that is considered as true if it is not zero.
          "
          font="Helvetica,12,-1,0,50,0,0,0,0,0" >
      </text>
      <text/>
        <horizontalcontainer size="-1;100">
          <text/>
          <groupcontainer size="244;80" color="192;192;192">
            <verticalcontainer>
              <button label="Next" size="200;40" font="Helvetica,12,-1,0,50,0,0,0,0,0" color="90;200;90">
                <action event="clicked" cmd="loadFile" data="Actions3.xml"/>
              </button>
            </verticalcontainer>
          </groupcontainer>
        </horizontalcontainer>
    </verticalcontainer>
  </horizontalcontainer>
</ifxmlcfg>
