<?xml version="1.0" encoding="UTF-8"?>
<ifxmlcfg version="1.0">
	<checksum>2f33af4aa9a6f7d55db792c38cfe36f1e4606d42c79591db3b59c543f3602cae</checksum>

  <horizontalcontainer>
    <verticalcontainer>
      <horizontalcontainer size="-1;100">
        
        <groupcontainer size="-1;80" color="192;192;192">
          <verticalcontainer>
            <text label="Actions (4)" font="Helvetica,12,-1,0,70,0,0,0,0,0"/>
          </verticalcontainer>
        </groupcontainer>
        <text/>
        <groupcontainer size="244;80" color="192;192;192">
          <verticalcontainer>
            <button label="Table of Contents" size="200;40" font="Helvetica,12,-1,0,50,0,0,0,0,0" color="128;255;255">
              <action event="clicked" cmd="loadFile" data="Start.xml"/>
            </button>
          </verticalcontainer>
        </groupcontainer>
      </horizontalcontainer>
      
      <text
        label="As mentioned before an action also can have a precondition.
        "
        font="Helvetica,12,-1,0,50,0,0,0,0,0" >
      </text>

      <gridcontainer columns="2" font="Helvetica,12,-1,0,50,0,0,0,0,0">
        <verticalcontainer>
            <combo define="UI1.COMBO">
              <item label="Select STH"/>
              <item label="Sth 1"/>
              <item label="Sth 2"/>
              <item label="Sth 3"/>
              <item label="Sth 4"/>
              <item label="Sth 5"/>
            </combo>
            <togglebutton define="UI1.BUTTON1" label="Button 1"/>
            <togglebutton define="UI1.BUTTON2" label="Button 2">
              <action cond="UI1.COMBO!=0" event="checked" cmd="setDef" data="UI1.BUTTON1=1 "/>
              <action cond="UI1.COMBO!=0" event="unchecked" cmd="setDef" data="UI1.BUTTON1=0 "/>
              <action cond="UI1.COMBO==0" event="checked" cmd="sendUSB" data="0x05;0x11;1"/>
              <action cond="UI1.COMBO==0" event="unchecked" cmd="sendUSB" data="0x05;0x11;0"/>
            </togglebutton>
            <text label="If in combo something is selected, 2nd button switches 1st one, else sends string to USB."/>
            <text/>
        </verticalcontainer>
        <verticalcontainer>
          <text label="&lt;u>&lt;b>Syntax:&lt;/b>&lt;/u>"/>
          <text label="&lt;combo define=&quot;UI.COMBO&quot;>"/>
          <text label="&#160;&#160;&lt;item label=&quot;Select STH&quot;/>"/>
          <text label="&#160;&#160;..."/>
          <text label="&lt;/combo>"/>
          <text label="&lt;togglebutton label=&quot;Button 1&quot; define=&quot;UI.BUTTON1&quot;>"/>
          <text label="&lt;togglebutton label=&quot;Button 2&quot; define=&quot;UI.BUTTON2&quot;>"/>
          <text label="&#160;&#160;&lt;action cond=&quot;UI1.COMBO!=0&quot; event=&quot;checked&quot; cmd=&quot;setDef&quot; data=&quot;UI1.BUTTON1=1 &quot;/>"/>
          <text label="&#160;&#160;&lt;action cond=&quot;UI1.COMBO!=0&quot; event=&quot;unchecked&quot; cmd=&quot;setDef&quot; data=&quot;UI1.BUTTON1=0 &quot;/>"/>
          <text label="&#160;&#160;&lt;action cond=&quot;UI1.COMBO==0&quot; event=&quot;checked&quot; cmd=&quot;sendUSB&quot; data=&quot;0x05;0x11;1&quot;/>"/>
          <text label="&#160;&#160;&lt;action cond=&quot;UI1.COMBO==0&quot; event=&quot;unchecked&quot; cmd=&quot;sendUSB&quot; data=&quot;0x05;0x11;0&quot;/>"/>
          <text label="&lt;/togglebutton>"/>
        </verticalcontainer>
      </gridcontainer>
      
      <horizontalline size="-1;7"/>

      <gridcontainer columns="2" font="Helvetica,12,-1,0,50,0,0,0,0,0">
        <verticalcontainer>
          <knob label="Speed" define="SPEED" size="130;130" svd="0" default="0" range="0;100">
            <action cond="SPEED==0" event="changed" cmd="setDef" data="V=Stop"/>
            <action cond="SPEED>0" event="changed" cmd="setDef" data="V=Low speed"/>
            <action cond="SPEED>40" event="changed" cmd="setDef" data="V=High speed"/>
            <action cond="SPEED>80" event="changed" cmd="setDef" data="V=Light speed"/>
          </knob>
          <edit define="V" svd="0" default="Stop"  size="160;-1" />
          <text label="The knob sets different strings into the edit, depending on its value."/>
        </verticalcontainer>
        <verticalcontainer>
          <text label="&lt;u>&lt;b>Syntax:&lt;/b>&lt;/u>"/>
          <text label="&lt;knob label=&quot;Speed&quot; define=&quot;SPEED&quot; size=&quot;130;130&quot; svd=&quot;0&quot; default=&quot;0&quot; range=&quot;0;100&quot;>"/>
          <text label="  &lt;action cond=&quot;SPEED==0&quot; event=&quot;changed&quot; cmd=&quot;setDef&quot; data=&quot;V=Stop&quot;/>"/>
          <text label="  &lt;action cond=&quot;SPEED>0&quot; event=&quot;changed&quot; cmd=&quot;setDef&quot; data=&quot;V=Low speed&quot;/>"/>
          <text label="  &lt;action cond=&quot;SPEED>40&quot; event=&quot;changed&quot; cmd=&quot;setDef&quot; data=&quot;V=High speed&quot;/>"/>
          <text label="  &lt;action cond=&quot;SPEED>80&quot; event=&quot;changed&quot; cmd=&quot;setDef&quot; data=&quot;V=Light speed&quot;/>"/>
          <text label="&lt;/knob>"/>
          <text label="&lt;edit define=&quot;V&quot; svd=&quot;0&quot; default=&quot;Stop&quot;  size=&quot;160;-1&quot; />"/>
        </verticalcontainer>
      </gridcontainer>
      
      <text/>
      
        <horizontalcontainer size="-1;100">
          <text/>
          <groupcontainer size="244;80" color="192;192;192">
            <verticalcontainer>
              <button label="Next" size="200;40" font="Helvetica,12,-1,0,50,0,0,0,0,0" color="90;200;90">
                <action event="clicked" cmd="loadFile" data="AdvancedUIElements1.xml"/>
              </button>
            </verticalcontainer>
          </groupcontainer>
        </horizontalcontainer>
    </verticalcontainer>
  </horizontalcontainer>
</ifxmlcfg>
