<?xml version="1.0" encoding="UTF-8"?>
<ifxmlcfg version="1.0">
	<checksum>f32cfe7c4d9afcae97a6b70406b78c0b83a0ecdfc9076d8651b3c8753a9952f9</checksum>

  <horizontalcontainer>
    <verticalcontainer>
      <horizontalcontainer size="-1;100">
        
        <groupcontainer size="-1;80" color="192;192;192">
          <verticalcontainer>
            <text label="Actions (3)" font="Helvetica,12,-1,0,70,0,0,0,0,0"/>
          </verticalcontainer>
        </groupcontainer>
        <text/>
        <groupcontainer size="244;80" color="192;192;192">
          <verticalcontainer>
            <button label="Table of Contents" size="200;40" font="Helvetica,12,-1,0,50,0,0,0,0,0" color="128;255;255">
              <action event="clicked" cmd="loadFile" data="Start.xml"/>
            </button>
          </verticalcontainer>
        </groupcontainer>
      </horizontalcontainer>
      
      <text
        label="Below some simple actions. Play around with the exampels to see the effects.
        "
        font="Helvetica,12,-1,0,50,0,0,0,0,0" >
      </text>

      <gridcontainer columns="2" font="Helvetica,12,-1,0,50,0,0,0,0,0">
        <horizontalcontainer>
        <verticalcontainer>          
        <radio define="UI.RADIO">
          <radiobutton label="Value 1"/>
          <radiobutton label="Value 2"/>
          <radiobutton label="Value 3"/>
          <radiobutton label="Value 4"/>
          <radiobutton label="Value 5"/>
        </radio>
        </verticalcontainer>
        <button label="Set radio to &quot;Value 2&quot;" define="UI.BUTTON1" size="200;-1">
          <action event="clicked" cmd="setDef" data="UI.RADIO=1"/>
        </button>
        <text/>
        </horizontalcontainer>
        <verticalcontainer>
          <text label="&lt;u>&lt;b>Syntax:&lt;/b>&lt;/u>"/>
          <text label="&lt;radio define=&quot;UI.RADIO&quot;>"/>
          <text label="&#160;&#160;&lt;radiobutton label=&quot;Value 1&quot;/>"/>
          <text label="&#160;&#160;..."/>
          <text label="&lt;/radio>"/>
          <text label="&lt;button label=&quot;Set radio to &quot;Value 2&quot; define=&quot;UI.BUTTON1&quot;>"/>
          <text label="&#160;&#160;&lt;action event=&quot;clicked&quot; cmd=&quot;setDef&quot; data=&quot;UI.RADIO=1&quot;/>"/>
          <text label="&lt;/button>"/>
        </verticalcontainer>
      </gridcontainer>
      
      <horizontalline size="-1;7"/>

      <gridcontainer columns="2" font="Helvetica,12,-1,0,50,0,0,0,0,0">
        <verticalcontainer>
          <doublespinbox define="UI.SPINBOX" size="100;-1" range="0;100" default="50" font="Helvetica,12,-1,0,50,0,0,0,0,0">
            <action event="changed" cmd="setDef" data="UI.KNOB=UI.SPINBOX"/>
          </doublespinbox>
          <knob define="UI.KNOB" size="130;130" default="100" range="0;100" font="Helvetica,12,-1,0,50,0,0,0,0,0">
            <action event="changed" cmd="setDef" data="UI.SPINBOX=UI.KNOB"/>
          </knob>
          <text label="Synchronize a spinbox and a knob. They mutually set their values."/>
        </verticalcontainer>
        <verticalcontainer>
          <text label="&lt;u>&lt;b>Syntax:&lt;/b>&lt;/u>"/>
          <text label="&lt;doublespinbox define=&quot;UI.SPINBOX&quot; size=&quot;100;-1&quot; range=&quot;0;100&quot; default=&quot;50&quot;"/>
          <text label="  &lt;action event=&quot;changed&quot; cmd=&quot;setDef&quot; data=&quot;UI.KNOB=UI.SPINBOX&quot;/>"/>
          <text label="&lt;/doublespinbox>"/>
          <text label="&lt;knob define=&quot;UI.SPINBOX&quot; size=&quot;130;130&quot; range=&quot;0;100&quot; default=&quot;100&quot;"/>
          <text label="  &lt;action event=&quot;changed&quot; cmd=&quot;setDef&quot; data=&quot;UI.SPINBOX=UI.KNOB&quot;/>"/>
          <text label="&lt;/knob>"/>
          <text label="&lt;i>action&lt;/i> is executed when the UI elements are changed by the user"/>
        </verticalcontainer>
      </gridcontainer>
      
      <horizontalline size="-1;7"/>

      <gridcontainer columns="2" font="Helvetica,12,-1,0,50,0,0,0,0,0">
        <horizontalcontainer>
        <verticalcontainer>
          <radio define="MOTOR_LED_CTRL">
						<radiobutton label="Motor" value="0" lockon="LED_CTRL=0" setdef="IMAGE_OUT12.image=OUT12.png"/>
						<combo size="110; 20" define="MOTOR_CTRL">
							<item label="Motor off" value="0"/>
							<item label="clockwise" value="6"/>
							<item label="counter-cw" value="9"/>
						</combo>
						<radiobutton label="LED" value="3" lockon="MOTOR_CTRL=0" setdef="IMAGE_OUT12.image=LED12.png"/>
						<combo size="110; 20" define="LED_CTRL">
							<item label="OUT1+2 off   " setDef="IMAGE_OUT12.image=LED12.png"/>
							<item label="1:off, 2:high" setDef="IMAGE_OUT12.image=LED12_oh.png"/>
							<item label="1:off, 2:low " setDef="IMAGE_OUT12.image=LED12_ol.png"/>
							<item label="1:high,2:off " setDef="IMAGE_OUT12.image=LED12_ho.png"/>
							<item label="1:high,2:high" setDef="IMAGE_OUT12.image=LED12_hh.png"/>
							<item label="1:high,2:low " setDef="IMAGE_OUT12.image=LED12_hl.png"/>
							<item label="1:low, 2:off " setDef="IMAGE_OUT12.image=LED12_lo.png"/>
							<item label="1:low, 2:high" setDef="IMAGE_OUT12.image=LED12_lh.png"/>
							<item label="1:low, 2:low " setDef="IMAGE_OUT12.image=LED12_ll.png"/>
						</combo>
					</radio>
          <text label="The image is set by actions. The setDef action is also available in a special short format."/>
          <text/>
        </verticalcontainer>
        <image define="IMAGE_OUT12" file="Out12.png"/>
          </horizontalcontainer>
        <verticalcontainer>
          <text label="&lt;u>&lt;b>Syntax:&lt;/b>&lt;/u>"/>
          
          <text label="&lt;radio define=&quot;MOTOR_LED_CTRL&quot;>"/>
					<text label="	  &lt;radiobutton label=&quot;Motor&quot; value=&quot;0&quot; lockon=&quot;LED_CTRL=0&quot; setdef=&quot;IMAGE_OUT12.image=OUT12.png&quot;/>"/>
					<text label="	  &lt;combo size=&quot;110; 20&quot; define=&quot;MOTOR_CTRL&quot;>"/>
					<text label="		  &lt;item label=&quot;Motor off&quot; value=&quot;0&quot;/>"/>
          <text label="     ..."/>
          <text label="   &lt;/combo>"/>
					<text label="	  &lt;radiobutton label=&quot;LED&quot; value=&quot;3&quot; lockon=&quot;MOTOR_CTRL=0&quot; setdef=&quot;IMAGE_OUT12.image=LED12.png&quot;/>"/>
					<text label="	  &lt;combo size=&quot;110; 20&quot; define=&quot;LED_CTRL&quot;>"/>
					<text label="		  &lt;item label=&quot;OUT1+2 off   &quot; setDef=&quot;IMAGE_OUT12.image=LED12.png&quot;/>"/>
          <text label="      ..."/>
          <text label="      &lt;/combo>"/>
					<text label="  &lt;/radio>"/>
          <text label="&lt;image define=&quot;IMAGE_OUT12&quot; file=&quot;Out12.png&quot;/>"/>
        
          <text label="&lt;i>lockon&lt;/i> disables other UI elements. See later in own chapter."/>
          <text label="&lt;i>.image&lt;/i> is a special syntax to set a field within an UI element, here the picture"/>
          <text/>
        </verticalcontainer>
      </gridcontainer>
      
        <text/>
      
        <horizontalcontainer size="-1;100">
          <text/>
          <groupcontainer size="244;80" color="192;192;192">
            <verticalcontainer>
              <button label="Next" size="200;40" font="Helvetica,12,-1,0,50,0,0,0,0,0" color="90;200;90">
                <action event="clicked" cmd="loadFile" data="Actions4.xml"/>
              </button>
            </verticalcontainer>
          </groupcontainer>
        </horizontalcontainer>
    </verticalcontainer>
  </horizontalcontainer>
</ifxmlcfg>
