<?xml version="1.0" encoding="UTF-8"?>
<ifxmlcfg version="1.0">
	<checksum>de3b1de8483bc152068ec32392cfb5228bbe8d455a76671bf783be96d9ad5262</checksum>

  <horizontalcontainer>
    <verticalcontainer>
      <horizontalcontainer size="-1;100">
        
        <groupcontainer size="-1;80" color="192;192;192">
          <verticalcontainer>
            <text label="Actions (1)" font="Helvetica,12,-1,0,70,0,0,0,0,0"/>
          </verticalcontainer>
        </groupcontainer>
        <text/>
        <groupcontainer size="244;80" color="192;192;192">
          <verticalcontainer>
            <button label="Table of Contents" size="200;40" font="Helvetica,12,-1,0,50,0,0,0,0,0" color="128;255;255">
              <action event="clicked" cmd="loadFile" data="Start.xml"/>
            </button>
          </verticalcontainer>
        </groupcontainer>
      </horizontalcontainer>
      
        <text
          label="Another important feature of the elements are the &lt;i>action&lt;/i>s that can be executed on user interaction.&lt;br/>
          These actions are sub elements of UI elements and have the attributes&lt;br/>

          &lt;ul>
            &lt;li>&lt;i>event&lt;/i>: indicates the type of user action that is the trigger for the action.&lt;/li>
            &lt;li>&lt;i>cond&lt;/i>: is an additional precondition that must be met to execute the action.&lt;/li>
            &lt;li>&lt;i>cmd&lt;/i>: indicates the action that should be carried out when the trigger occurs.&lt;/li>
            &lt;li>&lt;i>data&lt;/i>: indicates the parameter for the cmd.&lt;/li>
            &lt;li>&lt;i>recdata&lt;/i>: which is only needed when data is sent to the uIO device (cmd=”sendUSB”) and receives  the answer from the device.&lt;/li>
          &lt;/ul>
          
          Valid &lt;i>event&lt;/i>s are:
          &lt;table width=&quot;100%&quot; cellspacing=&quot;0&quot; cellpadding=&quot;0&quot; border=&quot;0&quot; align=&quot;center&quot; bgcolor=&quot;#999999&quot;>
          &lt;tr>
          &lt;td>
          &lt;table width=&quot;100%&quot; cellspacing=&quot;2&quot; cellpadding=&quot;0&quot; border=&quot;0&quot;>
          &lt;tr bgcolor=&quot;#ffffff&quot;>
            &lt;td width=&quot;20%&quot;>&lt;b>Event name&lt;/b>&lt;/td>
            &lt;td width=&quot;40%&quot;>&lt;b>Affected UI elements&lt;/b>&lt;/td>
            &lt;td width=&quot;40%&quot;>&lt;b>Triggered by&lt;/b>&lt;/td>
          &lt;/tr>
          &lt;tr bgcolor=&quot;#ffffff&quot;>
            &lt;td>&lt;i>checked / unchecked&lt;/i>&lt;/td>
            &lt;td>checkbox, togglebutton&lt;/td>
            &lt;td>If the element is checked / unchecked&lt;/td>
          &lt;/tr>
          &lt;tr bgcolor=&quot;#ffffff&quot;>
            &lt;td>&lt;i>selected / unselected&lt;/i>&lt;/td>
            &lt;td>combo, radio&lt;/td>
            &lt;td>If a subitem is selected / unselected&lt;/td>
          &lt;/tr>
          &lt;tr bgcolor=&quot;#ffffff&quot;>
            &lt;td>&lt;i>changed&lt;/i>&lt;/td>
            &lt;td>math, edit, spinbox, timer doublespinbox, hexspinbox&lt;/td>
            &lt;td>If the element value of the element has changed&lt;/td>
          &lt;/tr>
          &lt;tr bgcolor=&quot;#ffffff&quot;>
            &lt;td>&lt;i>clicked/pressed/released&lt;/i>&lt;/td>
            &lt;td>pushbutton&lt;/td>
            &lt;td>If the pushbutton has been clicked / pressed / released&lt;/td>
          &lt;/tr>
          &lt;/table>
          &lt;/td>
          &lt;/tr>
          &lt;/table>
          
          Valid &lt;i>cmd&lt;/i>s are:
          &lt;table width=&quot;100%&quot; cellspacing=&quot;0&quot; cellpadding=&quot;0&quot; border=&quot;0&quot; align=&quot;center&quot; bgcolor=&quot;#999999&quot;>
          &lt;tr>
          &lt;td>
          &lt;table width=&quot;100%&quot; cellspacing=&quot;2&quot; cellpadding=&quot;0&quot; border=&quot;0&quot;>
          &lt;tr bgcolor=&quot;#ffffff&quot;>
            &lt;td width=&quot;20%&quot;>&lt;b>Command name&lt;/b>&lt;/td>
            &lt;td width=&quot;40%&quot;>&lt;b>Affected UI elements&lt;/b>&lt;/td>
            &lt;td width=&quot;40%&quot;>&lt;b>Purpose&lt;/b>&lt;/td>
          &lt;/tr>
          &lt;tr bgcolor=&quot;#ffffff&quot;>
            &lt;td>&lt;i>sendUSB&lt;/i>&lt;/td>
            &lt;td>radiobutton, item:   event=“(un)selected“&lt;br/>
                  checkbox: event=“(un)checked“&lt;br/>
                  math, edit, spinbox, timer, doublespinbox, hexspinbox:  event=“changed“&lt;br/>
                  pushbutton: event=“clicked“
            &lt;/td>
            &lt;td>Send bytes to uIO&lt;/td>
          &lt;/tr>
          &lt;tr bgcolor=&quot;#ffffff&quot;>
            &lt;td>&lt;i>setDef&lt;/i>&lt;/td>
            &lt;td>radiobutton, item:   event=“(un)selected“&lt;br/>
                  checkbox: event=“(un)checked“&lt;br/>
                  math, edit, spinbox, timer, doublespinbox, hexspinbox:  event=“changed“&lt;br/>
                  pushbutton: event=“clicked/pressed/released“
            &lt;/td>
            &lt;td>Set a define to a value&lt;/td>
          &lt;/tr>
          &lt;tr bgcolor=&quot;#ffffff&quot;>
            &lt;td>&lt;i>resetGUI&lt;/i>&lt;/td>
            &lt;td>pushbutton: event=”clicked”&lt;br/>
                togglebutton: event=”(un)checked”
                &lt;/td>
            &lt;td>Reset the GUI to the state after loading&lt;/td>
          &lt;/tr>
          &lt;tr bgcolor=&quot;#ffffff&quot;>
            &lt;td>&lt;i>loadFile&lt;/i>&lt;/td>
            &lt;td>pushbutton: event=”clicked”&lt;/td>
            &lt;td>Loads an XML/icwp/script file&lt;/td>
          &lt;/tr>
          &lt;/table>
          &lt;/td>
          &lt;/tr>
          &lt;/table>
          
          "
          font="Helvetica,12,-1,0,50,0,0,0,0,0" >
        </text>
        <horizontalcontainer size="-1;100">
          <text/>
          <groupcontainer size="244;80" color="192;192;192">
            <verticalcontainer>
              <button label="Next" size="200;40" font="Helvetica,12,-1,0,50,0,0,0,0,0" color="90;200;90">
                <action event="clicked" cmd="loadFile" data="Actions2.xml"/>
              </button>
            </verticalcontainer>
          </groupcontainer>
        </horizontalcontainer>
    </verticalcontainer>
  </horizontalcontainer>
</ifxmlcfg>
