<?xml version="1.0" encoding="UTF-8"?>
<ifxmlcfg version="1.0">
	<checksum>d405c10ecede7993dd905ad2ea945a213ad3cf77775a171a957cf94e09025f0c</checksum>

  <horizontalcontainer>
    <verticalcontainer>
      <horizontalcontainer size="-1;100">
        
        <groupcontainer size="-1;80" color="192;192;192">
          <verticalcontainer>
            <text label="Additional Elements" font="Helvetica,12,-1,0,70,0,0,0,0,0"/>
          </verticalcontainer>
        </groupcontainer>
        <text/>
        <groupcontainer size="244;80" color="192;192;192">
          <verticalcontainer>
            <button label="Table of Contents" size="200;40" font="Helvetica,12,-1,0,50,0,0,0,0,0" color="128;255;255">
              <action event="clicked" cmd="loadFile" data="Start.xml"/>
            </button>
          </verticalcontainer>
        </groupcontainer>
      </horizontalcontainer>
      
        <text
          label="Beyond the UI elements discussed in the previous chapters there are some others that don't represent &lt;br/>
          UI elements but are responsible for purposes like including XMLS into XMLs, versioning or migrating&lt;br/>
          old data files.&lt;br/>
          In the following table these additional elements are listed (a &#171; instead of a &quot;less than&quot; is used in the table):&lt;br/>

          &lt;table width=&quot;100%&quot; sizepolicy=&quot;maximum;maximum&quot; cellspacing=&quot;0&quot; cellpadding=&quot;0&quot; border=&quot;0&quot; align=&quot;center&quot; bgcolor=&quot;#999999&quot;>
          &lt;tr>
          &lt;td>
          &lt;table width=&quot;100%&quot; cellspacing=&quot;2&quot; cellpadding=&quot;0&quot; border=&quot;0&quot;>
          &lt;tr bgcolor=&quot;#ffffff&quot;>
            &lt;td width=&quot;10%&quot;>&lt;b>Element&lt;/b>&lt;/td>
            &lt;td width=&quot;30%&quot;>&lt;b>Attributes&lt;/b>&lt;/td>
            &lt;td width=&quot;40%&quot;>&lt;b>Purpose&lt;/b>&lt;/td>
            &lt;td width=&quot;30%&quot;>&lt;b>Example&lt;/b>&lt;/td>
          &lt;/tr>
          &lt;tr bgcolor=&quot;#ffffff&quot;>
            &lt;td>include&lt;/td>
            &lt;td>No attributes, file name is elements value.&lt;/td>
            &lt;td>Includes an XML file into another. &lt;/td>
            &lt;td>&#171;include>ICW_TLE987x.xml&#171;/include>&lt;/td>
          &lt;/tr>
          &lt;tr bgcolor=&quot;#ffffff&quot;>
            &lt;td>version&lt;/td>
            &lt;td>label&lt;/td>
            &lt;td>The version is displayed along with the filename and path&lt;br/>
                   in the status line of the wizard. When configurations are&lt;br/>
                   saved as icwp-file, the version-tag is included. If an icwp-file&lt;br/>
                   of an older version is loaded the newest XML-version is&lt;br/>
                   compared to the one of the loaded icwp-file &lt;/td>
            &lt;td> &#171;version label=&quot;V2.0.1&quot;/> &lt;/td>
          &lt;/tr>
          &lt;tr bgcolor=&quot;#ffffff&quot;>
            &lt;td>fwversion&lt;/td>
            &lt;td>min, max stating the minimum and maximum version &lt;br/>
                   in the form a.b.c. A '*' means 'dont care'.&lt;/td>
            &lt;td>The fwversion-tag is used in files that communicate with the uIO device.&lt;br/>
                   This element allows to check if the version of firmware on the uIO is&lt;br/>
                   suitable for using with the XML.
            &lt;/td>
            &lt;td>&#171;fwversion min=&quot;2.2.1&quot; max=&quot;*.*.*&quot;/>&lt;/td>
          &lt;/tr>
          &lt;tr bgcolor=&quot;#ffffff&quot;>
            &lt;td>checksum&lt;/td>
            &lt;td>No attributes, checksum is elements value.&lt;/td>
            &lt;td>Protection against unintended modification of xml script. This item can&lt;br/>
                   be generated via the menu “Extra/Sign Configuration File…” if enabled.&lt;/td>
            &lt;td>&#171;checksum>6d7415a...&#171;/checksum>&lt;/td>
          &lt;/tr>
          &lt;tr bgcolor=&quot;#ffffff&quot;>
            &lt;td>migration&lt;/td>
            &lt;td>file&lt;/td>
            &lt;td>The migration-tag allows backwards-compatibility for old icwp files.&lt;br/>
                   It has only the file-attribute referencing to a mig file which contains&lt;br/>
                   mapping information between old and new versions of defines.&lt;/td>
            &lt;td>&#171;migration file=&quot;TLE985x.mig&quot;/>&lt;/td>
          &lt;/tr>
          &lt;tr bgcolor=&quot;#ffffff&quot;>
            &lt;td>disclaimer&lt;/td>
            &lt;td>file&lt;/td>
            &lt;td>The disclaimer-tag allows to set an individual disclaimer text for&lt;br/>
                   exported header files.&lt;/td>
            &lt;td>&#171;disclaimer file=&quot;disclaimer.txt&quot;/>&lt;/td>
          &lt;/tr>
          &lt;tr bgcolor=&quot;#ffffff&quot;>
            &lt;td>loadsaveallowed&lt;/td>
            &lt;td>value&lt;/td>
            &lt;td>This tag allows to lock the loading and saving of icwp files.&lt;br/>
                   Mainly used for XML files that do not need saving, as XMLs&lt;br/>
                   that only communicate via uIO.&lt;/td>
            &lt;td>&#171;loadsaveallowed value=&quot;0&quot;/>&lt;/td>
          &lt;/tr>
          &lt;/table>
          &lt;/td>
          &lt;/tr>
          &lt;/table>
          "
          font="Helvetica,12,-1,0,50,0,0,0,0,0" >
        </text>
        <horizontalcontainer size="-1;100">
          <text/>
          <groupcontainer size="244;80" color="192;192;192">
            <verticalcontainer>
              <button label="Next" size="200;40" font="Helvetica,12,-1,0,50,0,0,0,0,0" color="90;200;90">
                <action event="clicked" cmd="loadFile" data="RegView1.xml"/>
              </button>
            </verticalcontainer>
          </groupcontainer>
        </horizontalcontainer>
    </verticalcontainer>
  </horizontalcontainer>
</ifxmlcfg>
