<?xml version="1.0" encoding="UTF-8"?>
<ifxmlcfg version="1.0">
	<checksum>e2497937172ab303a1168ebd53da790d756b70de35dcac2c2ac7dff74c4c0b6e</checksum>

  <horizontalcontainer>
    <verticalcontainer>
      <horizontalcontainer size="-1;100">
        
        <groupcontainer size="-1;80" color="192;192;192">
          <verticalcontainer>
            <text label="Anvanced UI Elements (6)" font="Helvetica,12,-1,0,70,0,0,0,0,0"/>
          </verticalcontainer>
        </groupcontainer>
        <text/>
        <groupcontainer size="244;80" color="192;192;192">
          <verticalcontainer>
            <button label="Table of Contents" size="200;40" font="Helvetica,12,-1,0,50,0,0,0,0,0" color="128;255;255">
              <action event="clicked" cmd="loadFile" data="Start.xml"/>
            </button>
          </verticalcontainer>
        </groupcontainer>
      </horizontalcontainer>
      
      <text
        label="The range of y axis does not have to be fixed but can also be configure to adapt dynamically as shown in the first example.&lt;br/>
        Normaly the values of interest are not generated by a math but are read from uIO. The second example reads the values of uIOs ADC and displays them.
        "
        font="Helvetica,12,-1,0,50,0,0,0,0,0" >
      </text>

      <gridcontainer columns="2" font="Helvetica,12,-1,0,50,0,0,0,0,0">
        <verticalcontainer>
          <timer visible="false" define="TIMER1" interval="10" singleShot="0" run="1"/>
          <math visible="true" define="SAWTOOTH" format="%d" formula="TIMER1%200"/>
          <plot define="PLOT1" size="500;200" history="0" xFactor="0.1" maxX="300" maxY="10" autoScaleMaxY="1" grid="3" xLabel="t [sec]" yLabel="V" oszi="1">
            <curve label="V" color="255;0;0" data="SAWTOOTH"/>
          </plot>
          <text label="&lt;i>plot&lt;/i> with dynamic y axis. Maximum y values ever reached stay, as with a drag pointer."/>
        </verticalcontainer>
        <verticalcontainer>
          <text label="&lt;u>&lt;b>Syntax:&lt;/b>&lt;/u>"/>

          <text label="&lt;timer visible=&quot;false&quot; define=&quot;TIMER1&quot; interval=&quot;10&quot; singleShot=&quot;0&quot; run=&quot;1&quot;/>"/>
          <text label="&lt;math visible=&quot;true&quot; define=&quot;SAWTOOTH&quot; formula=&quot;TIMER1%200&quot;/>"/>
          <text label="&lt;plot define=&quot;PLOT1&quot; history=&quot;0&quot; xFactor=&quot;0.1&quot; maxX=&quot;300&quot; maxY=&quot;10&quot; autoScaleMaxY=&quot;1&quot; grid=&quot;3&quot; oszi=&quot;0&quot;>"/>
          <text label="  &lt;curve label=&quot;V&quot; color=&quot;255;0;0&quot; data=&quot;SINUS&quot;/>"/>
          <text label="&lt;/plot>"/>
          
          <text label="&lt;i>autoScaleMaxY&lt;/i> if set to 1 expands the y axis up if neccessary"/>
        </verticalcontainer>
      </gridcontainer>
      
      <horizontalline size="-1;7"/>

      <gridcontainer columns="2" font="Helvetica,12,-1,0,50,0,0,0,0,0">
        <verticalcontainer>
          <var define="USB.VOLTAGE"/>
          <timer visible="false" define="TIMER2" interval="10" singleShot="0" run="1">
            <action event="changed" cmd="sendUSB" data="0x04;0x33" recdata="?;?;2:USB.VOLTAGE"/>
          </timer>
          <math visible="true" unit="mV" define="VOLTAGE" format="%d" formula="USB.VOLTAGE"/>
          <plot define="PLOT1" size="500;200" history="0" xFactor="0.1" xScaleFormat="0" minX="0" maxX="300" minY="0" maxY="200" grid ="3" xLabel="t [sec]" yLabel="Analog Voltage [V]" oszi="1">
            <curve label="V" color="255;0;0" data="USB.VOLTAGE"/>
          </plot>
          <text label="Be sure to have your uIO connected. The data here is read from uIO directly (via &lt;i>var&lt;/i>)&lt;br/>
            but would in most cases probably calculated with a preconnected &lt;i>math&lt;/i>."/>
        </verticalcontainer>
        <verticalcontainer>
          <text label="&lt;u>&lt;b>Syntax:&lt;/b>&lt;/u>"/>

          <text label="&lt;var define=&quot;USB.VOLTAGE&quot;/"/>
          <text label="&lt;timer visible=&quot;false&quot; define=&quot;TIMER2&quot; interval=&quot;10&quot; singleShot=&quot;0&quot; run=&quot;1&quot;>"/>
          <text label="  &lt;action event=&quot;changed&quot; cmd=&quot;sendUSB&quot; data=&quot;0x04;0x33&quot; recdata=&quot;?;?;2:USB.VOLTAGE&quot;/>"/>
          <text label="&lt;/timer>"/>
          <text label="&lt;plot define=&quot;PLOT1&quot; xFactor=&quot;0.1&quot; minX=&quot;0&quot; maxX=&quot;300&quot; minY=&quot;0&quot; maxY=&quot;200&quot; grid=&quot;3&quot; oszi=&quot;1&quot;>"/>
          <text label="  &lt;curve label=&quot;V&quot; color=&quot;255;0;0&quot; data=&quot;USB.VOLTAGE&quot;/>"/>
          <text label="&lt;/plot>"/>
            
          <text label="&lt;i>data&lt;/i> define where to get the value"/>
          <text label="&lt;i>min/max&lt;/i> the range of the dial"/>
          <text/>
        </verticalcontainer>
      </gridcontainer>

        <text/>
      
        <horizontalcontainer size="-1;100">
          <text/>
          <groupcontainer size="244;80" color="192;192;192">
            <verticalcontainer>
              <button label="Next" size="200;40" font="Helvetica,12,-1,0,50,0,0,0,0,0" color="90;200;90">
                <action event="clicked" cmd="loadFile" data="Locks1.xml"/>
              </button>
            </verticalcontainer>
          </groupcontainer>
        </horizontalcontainer>
    </verticalcontainer>
  </horizontalcontainer>
</ifxmlcfg>
