<?xml version="1.0" encoding="UTF-8"?>
<ifxmlcfg version="1.0">
	<checksum>d5bac698d21eb3d01493af6e9a0f126b758e7936108a54823957a915f19d757d</checksum>

  <horizontalcontainer>
    <verticalcontainer>
      <horizontalcontainer size="-1;100">
        
        <groupcontainer size="-1;80" color="192;192;192">
          <verticalcontainer>
            <text label="Anvanced UI Elements (2)" font="Helvetica,12,-1,0,70,0,0,0,0,0"/>
          </verticalcontainer>
        </groupcontainer>
        <text/>
        <groupcontainer size="244;80" color="192;192;192">
          <verticalcontainer>
            <button label="Table of Contents" size="200;40" font="Helvetica,12,-1,0,50,0,0,0,0,0" color="128;255;255">
              <action event="clicked" cmd="loadFile" data="Start.xml"/>
            </button>
          </verticalcontainer>
        </groupcontainer>
      </horizontalcontainer>
      
      <text
        label="The timer also can emit uIO commands, e.g. to initialize a connected controller or to read values from the device.&lt;br/>
        "
        font="Helvetica,12,-1,0,50,0,0,0,0,0" >
      </text>

      <gridcontainer columns="2" font="Helvetica,12,-1,0,50,0,0,0,0,0">
        <verticalcontainer>
          <var define="UIO.VERSION"/>
          <var define="UIO.MAINVERS"/>
          <var define="UIO.SUBVERS"/>
          <timer visible="true" define="INIT" interval="1" singleShot="1" run="1">
			      <action event="changed" cmd="sendUSB" data="0x01;0x13;0x55;0xAA"/>
			      <action event="changed" cmd="sendUSB" data="0x02;0x41;10"/>
			      <action event="changed" cmd="sendUSB" data="0x02;0x42"/>
			      <action event="changed" cmd="sendUSB" data="0x01;0x10" recdata="?;?;UIO.VERSION;UIO.MAINVERS;UIO.SUBVERS"/>
		      </timer>
          <text label="This is a timer, sending initialization data to uIO and receiving the version of the uIO firmware."/>
          <text/>
        </verticalcontainer>
        <verticalcontainer>
          <text label="&lt;u>&lt;b>Syntax:&lt;/b>&lt;/u>"/>
          
          <text label="&lt;timer visible=&quot;true&quot; define=&quot;INIT&quot; interval=&quot;1&quot; singleShot=&quot;1&quot; run=&quot;1&quot;>"/>
			    <text label="  &lt;action event=&quot;changed&quot; cmd=&quot;sendUSB&quot; data=&quot;0x01;0x13;0x55;0xAA&quot;/>"/>
			    <text label="  &lt;action event=&quot;changed&quot; cmd=&quot;sendUSB&quot; data=&quot;0x02;0x41;10&quot;/>"/>
			    <text label="  &lt;action event=&quot;changed&quot; cmd=&quot;sendUSB&quot; data=&quot;0x02;0x42&quot;/>"/>
			    <text label="  &lt;action event=&quot;changed&quot; cmd=&quot;sendUSB&quot; data=&quot;0x01;0x10&quot; recdata=&quot;?;?;UIO.VERSION;UIO.MAINVERS;UIO.SUBVERS&quot;/>"/>
		      <text label="&lt;/timer>"/>
          <text label="&lt;i>data&lt;/i> contains a semicolon-separated list of values to send to uIO. &lt;i>define&lt;/i>s are also allowed"/>
          <text label="&lt;i>recdata&lt;/i> contains a semicolon-separated list of &lt;i>define&lt;/i>s to where the received data has to be assigned.&lt;br/>
            &quot;?&quot; means &quot;ignore this byte&quot;. Field widths and msb/lsb qualifiers are also allowed (see reference)."/>
        </verticalcontainer>
      </gridcontainer>
      
      <horizontalline size="-1;7"/>

      <gridcontainer columns="2" font="Helvetica,12,-1,0,50,0,0,0,0,0">
        <verticalcontainer>
          <timer visible="true" define="TIMER1" interval="100" singleShot="0" run="1">
            <action cond="TIMER1==10" event="changed" cmd="setDef" data="TIMER1.run=0"/>
          </timer>
          <text label="This is a timer, switching itself off when reached 10."/>
          <text/>
        </verticalcontainer>
        <verticalcontainer>
          <text label="&lt;u>&lt;b>Syntax:&lt;/b>&lt;/u>"/>
          <text label="&lt;timer visible=&quot;true&quot; define=&quot;TIMER1&quot; interval=&quot;100&quot; singleShot=&quot;0&quot; run=&quot;1&quot;>"/>
          <text label="  &lt;action cond=&quot;TIMER1==10&quot; event=&quot;changed&quot; cmd=&quot;setDef&quot; data=&quot;TIMER1.run=0&quot;/>"/>
          <text label="&lt;/timer>"/>
          <text label="&lt;timer visible=&quot;true&quot; define=&quot;TIMER1&quot; interval=&quot;100&quot; singleShot=&quot;0&quot; run=&quot;1&quot;/>"/>
        </verticalcontainer>
      </gridcontainer>
      
      <horizontalline size="-1;7"/>

      <gridcontainer columns="2" font="Helvetica,12,-1,0,50,0,0,0,0,0">
        <verticalcontainer>
          <horizontalcontainer>
            <timer visible="true" define="TIMER2" interval="100" singleShot="0" run="1">
              <action cond="TIMER2==100" event="changed" cmd="setDef" data="TIMER2.run=0"/>
              <action event="changed" cmd="setDef" data="KNOB=TIMER2"/>
            </timer>
          <knob define="KNOB" size="130;130" sizepolicy="fixed;fixed"/>
          <led data="TIMER2" bitmask="0x02" oncolor="green" offcolor="red" size="25;25"/>
          <led data="TIMER2" bitmask="0x04" oncolor="green" offcolor="red" size="25;25"/>
          </horizontalcontainer>
          <text label="A timer, driving a knob and two LEDs."/>
          <text/>
        </verticalcontainer>
        <verticalcontainer>
          <text label="&lt;u>&lt;b>Syntax:&lt;/b>&lt;/u>"/>
          <text label="&lt;timer define=&quot;TIMER2&quot; interval=&quot;100&quot; singleShot=&quot;0&quot; run=&quot;1&quot;>"/>
          <text label="  &lt;action cond=&quot;TIMER2==100&quot; event=&quot;changed&quot; cmd=&quot;setDef&quot; data=&quot;TIMER2.run=0&quot;/>"/>
          <text label="  &lt;action event=&quot;changed&quot; cmd=&quot;setDef&quot; data=&quot;KNOB=TIMER2&quot;/>"/>
          <text label="&lt;/timer>"/>
          <text label="&lt;knob define=&quot;KNOB&quot;/>"/>
          <text label="&lt;led data=&quot;TIMER2&quot; bitmask=&quot;0x02&quot; oncolor=&quot;green&quot; offcolor=&quot;red&quot; size=&quot;25;25&quot;/>"/>
          <text label="&lt;led data=&quot;TIMER2&quot; bitmask=&quot;0x04&quot; oncolor=&quot;green&quot; offcolor=&quot;red&quot; size=&quot;25;25&quot;/>"/>
        </verticalcontainer>
      </gridcontainer>
      
        <text/>
      
        <horizontalcontainer size="-1;100">
          <text/>
          <groupcontainer size="244;80" color="192;192;192">
            <verticalcontainer>
              <button label="Next" size="200;40" font="Helvetica,12,-1,0,50,0,0,0,0,0" color="90;200;90">
                <action event="clicked" cmd="loadFile" data="AdvancedUIElements3.xml"/>
              </button>
            </verticalcontainer>
          </groupcontainer>
        </horizontalcontainer>
    </verticalcontainer>
  </horizontalcontainer>
</ifxmlcfg>
