<?xml version="1.0" encoding="UTF-8"?>
<ifxmlcfg version="1.0">
	<checksum>7aa77aab6e2065d0abf1f1138abc92bf5d573109f332b21bc6ab3fc78b130835</checksum>

  <horizontalcontainer>
    <verticalcontainer>
      <horizontalcontainer size="-1;100">
        
        <groupcontainer size="-1;80" color="192;192;192">
          <verticalcontainer>
            <text label="Anvanced UI Elements (4)" font="Helvetica,12,-1,0,70,0,0,0,0,0"/>
          </verticalcontainer>
        </groupcontainer>
        <text/>
        <groupcontainer size="244;80" color="192;192;192">
          <verticalcontainer>
            <button label="Table of Contents" size="200;40" font="Helvetica,12,-1,0,50,0,0,0,0,0" color="128;255;255">
              <action event="clicked" cmd="loadFile" data="Start.xml"/>
            </button>
          </verticalcontainer>
        </groupcontainer>
      </horizontalcontainer>
      
      <text
        label="Output not only can be done by such relative simple elements as &lt;i>text&lt;/i> or &lt;i>math&lt;/i> especially in conjunction with uIO communication. &lt;br/>
        Often a more sophisticated view on data is desired and can be achieved by the &lt;i>thermo&lt;/i>, &lt;i>dial&lt;/i> and &lt;i>plot&lt;/i> elements.&lt;br/>
        These elements normally come together with the &lt;i>timer&lt;/i>, as this is the one for getting data continously.&lt;br/>
        "
        font="Helvetica,12,-1,0,50,0,0,0,0,0" >
      </text>

      <gridcontainer columns="2" font="Helvetica,12,-1,0,50,0,0,0,0,0">
        <verticalcontainer>
          <timer visible="true" define="TIMER1" interval="10" singleShot="0" run="1">
            <action cond="TIMER1==200" event="changed" cmd="setDef" data="TIMER1.run=0"/>
          </timer>
          <thermo data="TIMER1" min ="0" max ="200" normalcolor="0;200;0" alarmcolor="200;0;0" alarmlevel="100" size="150;150"/>
          <text label="Simple timer driven &lt;i>thermo&lt;/i>.&lt;br/>
            It can have an alarmlevel that when exceeded changes the color."/>
        </verticalcontainer>
        <verticalcontainer>
          <text label="&lt;u>&lt;b>Syntax:&lt;/b>&lt;/u>"/>

          <text label="&lt;timer visible=&quot;false&quot; define=&quot;TIMER1&quot; interval=&quot;10&quot; singleShot=&quot;0&quot; run=&quot;1&quot;>"/>
          <text label="  &lt;action cond=&quot;TIMER1==200&quot; event=&quot;changed&quot; cmd=&quot;setDef&quot; data=&quot;TIMER1.run=0&quot;/>"/>
          <text label="&lt;/timer>"/>
          <text label="&lt;thermo data=&quot;TIMER1&quot; min =&quot;0&quot; max =&quot;200&quot; normalcolor=&quot;0;200;0&quot; alarmcolor=&quot;200;0;0&quot; alarmlevel=&quot;100&quot; size=&quot;150;150&quot;/>"/>
          
          <text label="&lt;i>min/max&lt;/i> the range of the thermo"/>
          <text label="&lt;i>alarmlevel&lt;/i> the level that must be reached to change the color"/>
          <text label="&lt;i>normalcolor&lt;/i> the color of the normal range"/>
          <text label="&lt;i>alarmcolor&lt;/i> the color of the alarm range"/>
        </verticalcontainer>
      </gridcontainer>
      
      <horizontalline size="-1;7"/>

      <gridcontainer columns="2" font="Helvetica,12,-1,0,50,0,0,0,0,0">
        <verticalcontainer>
          <timer visible="false" define="TIMER2" interval="10" singleShot="0" run="1"/>
          <math visible="true" define="SINUS" format="%d" formula="100+100*sin(TIMER2*0.05)"/>
          <dial data="SINUS" min ="0" max ="200" size="200;200"/>
          <text label="This thermo displays the value of a math expression driven by a timer.&lt;br/>
            The timer in this case acts like an endless loop."/>
        </verticalcontainer>
        <verticalcontainer>
          <text label="&lt;u>&lt;b>Syntax:&lt;/b>&lt;/u>"/>
          
          <text label="&lt;timer visible=&quot;false&quot; define=&quot;TIMER2&quot; interval=&quot;10&quot; singleShot=&quot;0&quot; run=&quot;1&quot;/>"/>
          <text label="&lt;math visible=&quot;true&quot; define=&quot;SUM&quot; format=&quot;%d&quot; formula=&quot;100+100*sin(TIMER2*0.05)&quot;/>"/>
          <text label="&lt;dial data=&quot;SUM&quot; min =&quot;0&quot; max =&quot;200&quot; size=&quot;200;200&quot;/>"/>
          
          <text label="&lt;i>data&lt;/i> define where to get the value"/>
          <text label="&lt;i>min/max&lt;/i> the range of the dial"/>
          <text/>
        </verticalcontainer>
      </gridcontainer>

        <text/>
      
        <horizontalcontainer size="-1;100">
          <text/>
          <groupcontainer size="244;80" color="192;192;192">
            <verticalcontainer>
              <button label="Next" size="200;40" font="Helvetica,12,-1,0,50,0,0,0,0,0" color="90;200;90">
                <action event="clicked" cmd="loadFile" data="AdvancedUIElements5.xml"/>
              </button>
            </verticalcontainer>
          </groupcontainer>
        </horizontalcontainer>
    </verticalcontainer>
  </horizontalcontainer>
</ifxmlcfg>
