<?xml version="1.0" encoding="UTF-8"?>
<ifxmlcfg version="1.0">
	<checksum>aa3279e14b645691b3725610d2ac7fd9de71a1d27526381fe204e805ad549534</checksum>

  <horizontalcontainer>
    <verticalcontainer>
      <horizontalcontainer size="-1;100">
        
        <groupcontainer size="-1;80" color="192;192;192">
          <verticalcontainer>
            <text label="Anvanced UI Elements (3)" font="Helvetica,12,-1,0,70,0,0,0,0,0"/>
          </verticalcontainer>
        </groupcontainer>
        <text/>
        <groupcontainer size="244;80" color="192;192;192">
          <verticalcontainer>
            <button label="Table of Contents" size="200;40" font="Helvetica,12,-1,0,50,0,0,0,0,0" color="128;255;255">
              <action event="clicked" cmd="loadFile" data="Start.xml"/>
            </button>
          </verticalcontainer>
        </groupcontainer>
      </horizontalcontainer>
      
      <text
        label="Another central UI element is the &lt;i>math&lt;/i> element that can calculate a mathematical expression and emit an action when it changes.&lt;br/>
        The expression can contain most of the elements expected in a 'C' type language, numbers, numerical operators, variables (the &lt;i>define&lt;/i>s)&lt;br/>
        some functions, comparision operators, logical operators. For a complete list, please refer to the XML script language documentation.&lt;br/>
        
        Related to &lt;i>math&lt;/i> are &lt;i>var&lt;/i>iables that only have a &lt;i>define&lt;/i> and a &lt;i>default&lt;/i> attribute. Variables are used to predefine special registers or variables&lt;br/>
        which do not refere to ui-elements (e.g. received data from USB). They also can be used as constants (with the &lt;i>default&lt;/i> attribute)&lt;br/>
        to make e.g. uIO sendstrings more readable. They only can hold 32 bit integer values.&lt;br/>
        A variable also has to be defined when using the loop commands of the scripting (see later).
        "
        font="Helvetica,12,-1,0,50,0,0,0,0,0" >
      </text>

      <gridcontainer columns="2" font="Helvetica,12,-1,0,50,0,0,0,0,0">
        <verticalcontainer>
          <checkbox label="Checkbox" define="CHECKBOX" font="Helvetica,12,-1,0,50,0,0,0,0,0"/>
          <spinbox define="SPIN1" size="100;-1" range="0;100" default="50" font="Helvetica,12,-1,0,50,0,0,0,0,0"/>
          <spinbox define="SPIN2" size="100;-1" range="0;100" default="50" font="Helvetica,12,-1,0,50,0,0,0,0,0"/>
          <math visible="true" define="SUM" format="%d" formula="SPIN1+SPIN2+CHECKBOX"/>
          <led data="SUM" bitmask="0x01" oncolor="green" offcolor="red" size="25;25"/>
          <text label="The math calculates the sum of the two spinboxes and the checkbox.&lt;br/>
            The rightmost bit of this calculation (odd or even) is shown by the LED.&lt;br/>
            No action is needed in this case, the math triggers all UI elements refering to it automatically."/>
        </verticalcontainer>
        <verticalcontainer>
          <text label="&lt;u>&lt;b>Syntax:&lt;/b>&lt;/u>"/>

          <text label="&lt;checkbox label=&quot;Checkbox&quot; define=&quot;CHECKBOX&quot; />"/>
          <text label="&lt;spinbox define=&quot;SPIN1&quot;/>"/>
          <text label="&lt;spinbox define=&quot;SPIN2&quot;/>"/>
          <text label="&lt;math visible=&quot;true&quot; define=&quot;SUM&quot; format=&quot;%d&quot; formula=&quot;SPIN1+SPIN2+CHECKBOX&quot;/>"/>
          <text label="&lt;led data=&quot;SUM&quot; bitmask=&quot;0x01&quot; oncolor=&quot;green&quot; offcolor=&quot;red&quot; size=&quot;25;25&quot;/>"/>
          
          <text label="&lt;i>formula&lt;/i> gives the expression to calculate"/>
          <text label="&lt;i>format&lt;/i> is the output format of the &lt;i>math&lt;/i> in  &lt;a href=&quot;https://en.wikipedia.org/wiki/Printf_format_string&quot;>printf&lt;/a> style"/>
        </verticalcontainer>
      </gridcontainer>
      
      <horizontalline size="-1;7"/>

      <gridcontainer columns="2" font="Helvetica,12,-1,0,50,0,0,0,0,0">
        <verticalcontainer>
          <var define="UIO.VERSION"/>
          <var define="UIO.MAINVERSION"/>
          <var define="UIO.SUBVERSION"/>
          <var define="USB.ERROR_CODE"/>
          <timer visible="false" define="TIMER_M_S_CTRL" interval="500" singleShot="0" run="1">
            <action event="changed" cmd="sendUSB" data="0x01;0x10" recdata="USB.ERROR_CODE;?;UIO.VERSION;UIO.MAINVERSION;UIO.SUBVERSION"/>
          </timer>
          <math visible="false" define="LED.USB" formula="(USB.ERROR_CODE==0x11)?1:0"/>
          <led data="LED.USB" bitmask="0x01" oncolor="green" offcolor="red" size="25;25"/>
          <horizontalcontainer sizepolicy="fixed;fixed">
            <text label="uIO Fimware Version:"/>
            <math  formula="UIO.VERSION"/>
            <text label="."/>
            <math formula="UIO.MAINVERSION"/>
            <text label="." />
            <math formula="UIO.SUBVERSION"/>
          </horizontalcontainer>
          <text label="A typical application of &lt;i>var&lt;/i>s: received data from uIO is put into a &lt;i>var&lt;/i> and than evaluated via a &lt;i>math&lt;/i>.&lt;br/>
            Insert a uIO to see the LED going green and the uIOs firmware version."/>
          <text/>
        </verticalcontainer>
        <verticalcontainer>
          <text label="&lt;u>&lt;b>Syntax:&lt;/b>&lt;/u>"/>
          <text label="&lt;var define=&quot;VERSION&quot;/>"/>
          <text label="&lt;var define=&quot;MAINVERSION&quot;/>"/>
          <text label="&lt;var define=&quot;SUBVERSION&quot;/>"/>
          <text label="&lt;var define=&quot;ERROR_CODE&quot;/>"/>
          <text label="&lt;timer visible=&quot;false&quot; define=&quot;TIMER_M_S_CTRL&quot; interval=&quot;500&quot; singleShot=&quot;0&quot; run=&quot;1&quot;>"/>
          <text label="  &lt;action event=&quot;changed&quot; cmd=&quot;sendUSB&quot; data=&quot;0x01;0x10&quot; recdata=&quot;ERROR_CODE;?;VERS;MAINVERS;SUBVERS&quot;/>"/>
          <text label="&lt;/timer>"/>
          <text label="&lt;math visible=&quot;false&quot; define=&quot;LED.USB&quot; formula=&quot;(ERROR_CODE==0x11)?1:0&quot;/>"/>
          <text label="&lt;led data=&quot;LED.USB&quot; bitmask=&quot;0x01&quot; oncolor=&quot;green&quot; offcolor=&quot;red&quot;"/>
          <text label="&lt;horizontalcontainer sizepolicy=&quot;fixed;fixed&quot;>"/>
          <text label="  &lt;text label=&quot;uIO Fimware Version:&quot;/>"/>
          <text label="  &lt;math formula=&quot;VERS&quot;/>"/>
          <text label="  &lt;text label=&quot;.&quot;/>"/>
          <text label="  &lt;math formula=&quot;MAINVERS&quot;/>"/>
          <text label="  &lt;text label=&quot;.&quot; />"/>
          <text label="  &lt;math formula=&quot;SUBVERS&quot;/>"/>
          <text label="&lt;/horizontalcontainer>"/>
          <text/>
        </verticalcontainer>
      </gridcontainer>

        <text/>
      
        <horizontalcontainer size="-1;100">
          <text/>
          <groupcontainer size="244;80" color="192;192;192">
            <verticalcontainer>
              <button label="Next" size="200;40" font="Helvetica,12,-1,0,50,0,0,0,0,0" color="90;200;90">
                <action event="clicked" cmd="loadFile" data="AdvancedUIElements4.xml"/>
              </button>
            </verticalcontainer>
          </groupcontainer>
        </horizontalcontainer>
    </verticalcontainer>
  </horizontalcontainer>
</ifxmlcfg>
