<?xml version="1.0" encoding="UTF-8"?>
<ifxmlcfg version="1.0">
	<checksum>5f3674576a4bc3af84ba7b75406653e8e061d47a84c92cf741904db4cc8e65b9</checksum>

  <horizontalcontainer>
    <verticalcontainer>
      <horizontalcontainer size="-1;100">
        
        <groupcontainer size="-1;80" color="192;192;192">
          <verticalcontainer>
            <text label="Anvanced UI Elements (1)" font="Helvetica,12,-1,0,70,0,0,0,0,0"/>
          </verticalcontainer>
        </groupcontainer>
        <text/>
        <groupcontainer size="244;80" color="192;192;192">
          <verticalcontainer>
            <button label="Table of Contents" size="200;40" font="Helvetica,12,-1,0,50,0,0,0,0,0" color="128;255;255">
              <action event="clicked" cmd="loadFile" data="Start.xml"/>
            </button>
          </verticalcontainer>
        </groupcontainer>
      </horizontalcontainer>
      
      <text
        label="Besides the basic UI elements described before for input and output, also more complex ones are available.&lt;br/>
        The first to be mentioned is the &lt;i>timer&lt;/i> that periodically counts up and can emit &lt;i>action&lt;/i>s.&lt;br/>
        It can run continously or only once, e.g. to initialize some hardware or start a script after loading the XML.
        "
        font="Helvetica,12,-1,0,50,0,0,0,0,0" >
      </text>

      <gridcontainer columns="2" font="Helvetica,12,-1,0,50,0,0,0,0,0">
        <verticalcontainer>
          <timer visible="true" define="TIMER1" interval="100" singleShot="0" run="1"/>
          <text label="This is a timer, simply counting up every 100 [msec]."/>
          <text/>
        </verticalcontainer>
        <verticalcontainer>
          <text label="&lt;u>&lt;b>Syntax:&lt;/b>&lt;/u>"/>
          <text label="&lt;timer visible=&quot;true&quot; define=&quot;TIMER1&quot; interval=&quot;100&quot; singleShot=&quot;0&quot; run=&quot;1&quot;/>"/>
          <text label="&lt;i>visible&lt;/i> lets the user see the current value as with the &lt;i>text&lt;/i> element."/>
          <text label="&lt;i>interval&lt;/i> states the interval the timer shall shot in [msec]s. Values are not too precise..."/>
          <text label="&lt;i>singleShot&lt;/i> indicates if the timer shall only be one time triggered or free-running."/>
          <text label="&lt;i>run&lt;/i> tells if the timer shall be started immediatelly or only after an external triggering."/>
        </verticalcontainer>
      </gridcontainer>
      
      <horizontalline size="-1;7"/>

      <gridcontainer columns="2" font="Helvetica,12,-1,0,50,0,0,0,0,0">
        <verticalcontainer>
          <togglebutton define="START_TIMER" size="130;-1" label="Start timer">
            <action event="checked" cmd="setDef" data="TIMER2.run=1"/>
            <action event="unchecked" cmd="setDef" data="TIMER2.run=0"/>
          </togglebutton>
          <horizontalcontainer>
            <knob define="UI.KNOB" size="130;130" sizepolicy="fixed;fixed" range="0;100" default="100" font="Helvetica,12,-1,0,50,0,0,0,0,0">
              <action event="changed" cmd="setDef" data="TIMER2.interval=UI.KNOB"/>
            </knob>
            <timer visible="true" define="TIMER2" interval="100" singleShot="0" run="0" font="Helvetica,32,-1,0,50,0,0,0,0,0"/>
          </horizontalcontainer>
          <text label="This timer can be controlled by other UI elements."/>
          <text/>
        </verticalcontainer>
        <verticalcontainer>
          <text label="&lt;u>&lt;b>Syntax:&lt;/b>&lt;/u>"/>

          <text label="&lt;togglebutton define=&quot;START_TIMER&quot; size=&quot;130;-1&quot; label=&quot;Start timer&quot;>"/>
          <text label="  &lt;action event=&quot;checked&quot; cmd=&quot;setDef&quot; data=&quot;TIMER2.run=1&quot;/>"/>
          <text label="  &lt;action event=&quot;unchecked&quot; cmd=&quot;setDef&quot; data=&quot;TIMER2.run=0&quot;/>"/>
          <text label="&lt;/togglebutton>"/>
          <text label="&lt;horizontalcontainer>"/>
          <text label="  &lt;knob define=&quot;UI.KNOB&quot; size=&quot;130;130&quot; sizepolicy=&quot;fixed;fixed&quot; range=&quot;0;100&quot; default=&quot;100&quot;>"/>
          <text label="    &lt;action event=&quot;changed&quot; cmd=&quot;setDef&quot; data=&quot;TIMER2.interval=UI.KNOB&quot;/>"/>
          <text label="  &lt;/knob>"/>
          <text label="  &lt;timer visible=&quot;true&quot; define=&quot;TIMER2&quot; interval=&quot;100&quot; singleShot=&quot;0&quot; run=&quot;0&quot; font=&quot;Helvetica,32,...&quot;/>"/>
          <text label="&lt;i>TIMER2.run=0/1&lt;/i> sets the &lt;i>run&lt;/i> attribute by a &lt;i>setDef&lt;/i> of another UI element."/>
          <text label="&lt;i>TIMER2.interval=...&lt;/i> sets the &lt;i>interval&lt;/i> attribute by a &lt;i>setDef&lt;/i> of another UI element."/>
          <text label="&lt;i>run&lt;/i> tells if the timer shall be started immediatelly or only after an external triggering."/>
        </verticalcontainer>
      </gridcontainer>

        <text/>
      
        <horizontalcontainer size="-1;100">
          <text/>
          <groupcontainer size="244;80" color="192;192;192">
            <verticalcontainer>
              <button label="Next" size="200;40" font="Helvetica,12,-1,0,50,0,0,0,0,0" color="90;200;90">
                <action event="clicked" cmd="loadFile" data="AdvancedUIElements2.xml"/>
              </button>
            </verticalcontainer>
          </groupcontainer>
        </horizontalcontainer>
    </verticalcontainer>
  </horizontalcontainer>
</ifxmlcfg>
