<?xml version="1.0" encoding="UTF-8"?>
<ifxmlcfg version="1.0">
	<checksum>4205cd94132fc4d047d770894785e2b3ccccafc3059d7182744fe38a76c9c47c</checksum>

  <horizontalcontainer>
    <verticalcontainer>
      <horizontalcontainer size="-1;100">
        
        <groupcontainer size="-1;80" color="192;192;192">
          <verticalcontainer>
            <text label="Anvanced UI Elements (5)" font="Helvetica,12,-1,0,70,0,0,0,0,0"/>
          </verticalcontainer>
        </groupcontainer>
        <text/>
        <groupcontainer size="244;80" color="192;192;192">
          <verticalcontainer>
            <button label="Table of Contents" size="200;40" font="Helvetica,12,-1,0,50,0,0,0,0,0" color="128;255;255">
              <action event="clicked" cmd="loadFile" data="Start.xml"/>
            </button>
          </verticalcontainer>
        </groupcontainer>
      </horizontalcontainer>
      
      <text
        label="The &lt;i>plot&lt;/i> can be configured in many ways. It can contain several curves, can be used in osziloscope or&lt;br/>
        static mode, can have dynamic range, the x axis can display time, the axes can be labeled and so on.
        "
        font="Helvetica,12,-1,0,50,0,0,0,0,0" >
      </text>

      <gridcontainer columns="2" font="Helvetica,12,-1,0,50,0,0,0,0,0">
        <verticalcontainer>
          <timer visible="false" define="TIMER1" interval="10" singleShot="0" run="1"/>
          <math visible="true" define="SINUS" format="%d" formula="100+100*sin(TIMER1*0.05)"/>
          <plot define="PLOT1" size="500;200" history="0" xFactor="0.1" maxX="300" maxY="200" grid="3" xLabel="t [sec]" yLabel="Voltage [V]" oszi="0">
            <curve label="V" color="255;0;0" data="SINUS"/>
          </plot>
          <text label="This &lt;i>plot&lt;/i> displays the value of a math expression driven by a timer."/>
        </verticalcontainer>
        <verticalcontainer>
          <text label="&lt;u>&lt;b>Syntax:&lt;/b>&lt;/u>"/>

          <text label="&lt;timer visible=&quot;false&quot; define=&quot;TIMER1&quot; interval=&quot;10&quot; singleShot=&quot;0&quot; run=&quot;1&quot;/>"/>
          <text label="&lt;math visible=&quot;true&quot; define=&quot;SINUS&quot; formula=&quot;100+100*sin(TIMER1*0.05)&quot;/>"/>
          <text label="&lt;plot define=&quot;PLOT1&quot; history=&quot;0&quot; xFactor=&quot;0.1&quot; maxX=&quot;300&quot; maxY=&quot;200&quot; grid=&quot;3&quot; xLabel=&quot;t [sec]&quot; yLabel=&quot;Voltage [V]&quot; oszi=&quot;0&quot;>"/>
          <text label="  &lt;curve label=&quot;V&quot; color=&quot;255;0;0&quot; data=&quot;SINUS&quot;/>"/>
          <text label="&lt;/plot>"/>
          
          <text label="&lt;i>history&lt;/i> if set to 1, doesn't clear the old values when restarting at x==0"/>
          <text label="&lt;i>xFactor&lt;/i> scales the x axis"/>
          <text label="&lt;i>maxX/maxY&lt;/i> the maximum x/y values displayed. minX and minY can also be set and are 0 by default"/>
          <text label="&lt;i>grid&lt;/i> add a horizontal/vertical/both grid to the plot"/>
          <text label="&lt;i>xLabel/yLabel&lt;/i> the labels of the axis"/>
          <text label="&lt;i>oszi&lt;/i> use oszi mode or not"/>
        </verticalcontainer>
      </gridcontainer>
      
      <horizontalline size="-1;7"/>

      <gridcontainer columns="2" font="Helvetica,12,-1,0,50,0,0,0,0,0">
        <verticalcontainer>
          <math visible="true" define="COSINUS" format="%d" formula="100+100*cos(TIMER1*0.05)"/>
          <plot define="PLOT1" size="500;200" history="0" xFactor="0.1" xScaleFormat="0" minX="0" maxX="300" minY="0" maxY="200" grid ="3" xLabel="t [sec]" yLabel="Analog Voltage [V]" oszi="1">
            <curve label="Sin" color="0;128;128" data="SINUS"/>
            <curve label="Cos" color="128;0;128" data="COSINUS"/>
          </plot>
          <text label="The same &lt;i>plot&lt;/i> plus cosine curve and in oszi-mode.&lt;br/>
            It uses the same timer/math as the example before."/>
        </verticalcontainer>
        <verticalcontainer>
          <text label="&lt;u>&lt;b>Syntax:&lt;/b>&lt;/u>"/>

          <text label="&lt;math visible=&quot;true&quot; define=&quot;COSINUS&quot; formula=&quot;100+100*cos(TIMER1*0.05)&quot;/>"/>
          <text label="&lt;plot define=&quot;PLOT1&quot; history=&quot;0&quot; xFactor=&quot;0.1&quot; maxX=&quot;300&quot; maxY=&quot;200&quot; grid=&quot;3&quot; xLabel=&quot;t [sec]&quot; yLabel=&quot;Voltage [V]&quot; oszi=&quot;1&quot;>"/>
          <text label="  &lt;curve label=&quot;Sin&quot; color=&quot;0;128;128&quot; data=&quot;SINUS&quot;/>"/>
          <text label="  &lt;curve label=&quot;Cos&quot; color=&quot;255;0;0&quot; data=&quot;COSINUS&quot;/>"/>
          <text label="&lt;/plot>"/>
          
          <text label="&lt;i>data&lt;/i> define where to get the value"/>
          <text label="&lt;i>min/max&lt;/i> the range of the dial"/>
          <text/>
        </verticalcontainer>
      </gridcontainer>

        <text/>
      
        <horizontalcontainer size="-1;100">
          <text/>
          <groupcontainer size="244;80" color="192;192;192">
            <verticalcontainer>
              <button label="Next" size="200;40" font="Helvetica,12,-1,0,50,0,0,0,0,0" color="90;200;90">
                <action event="clicked" cmd="loadFile" data="AdvancedUIElements6.xml"/>
              </button>
            </verticalcontainer>
          </groupcontainer>
        </horizontalcontainer>
    </verticalcontainer>
  </horizontalcontainer>
</ifxmlcfg>
