<?xml version="1.0" encoding="UTF-8"?>
<ifxmlcfg version="1.0">
	<checksum>64db86d830f347c2776bc99e5a752f5eaaf28d469bf04b331a38a77760193981</checksum>

  <horizontalcontainer>
    <verticalcontainer>
      <horizontalcontainer size="-1;100">
        
        <groupcontainer size="-1;80" color="192;192;192">
          <verticalcontainer>
            <text label="UI element Attributes" font="Helvetica,12,-1,0,70,0,0,0,0,0"/>
          </verticalcontainer>
        </groupcontainer>
        <text/>
        <groupcontainer size="244;80" color="192;192;192">
          <verticalcontainer>
            <button label="Table of Contents" size="200;40" font="Helvetica,12,-1,0,50,0,0,0,0,0" color="128;255;255">
              <action event="clicked" cmd="loadFile" data="Start.xml"/>
            </button>
          </verticalcontainer>
        </groupcontainer>
      </horizontalcontainer>
      
        <text
          label="
          In addition to the common attributes mentioned in Common Attributes the input elements have further common attributes&lt;br/>

          &lt;table width=&quot;100%&quot; cellspacing=&quot;0&quot; cellpadding=&quot;0&quot; border=&quot;0&quot; align=&quot;center&quot; bgcolor=&quot;#999999&quot;>
          &lt;tr>
          &lt;td>
          &lt;table width=&quot;100%&quot; cellspacing=&quot;2&quot; cellpadding=&quot;0&quot; border=&quot;0&quot;>
          &lt;tr bgcolor=&quot;#ffffff&quot;>
            &lt;td width=&quot;20%&quot;>&lt;b>Attribute&lt;/b>&lt;/td>
            &lt;td width=&quot;40%&quot;>&lt;b>Value&lt;/b>&lt;/td>
            &lt;td width=&quot;40%&quot;>&lt;b>Purpose&lt;/b>&lt;/td>
          &lt;/tr>
          &lt;tr bgcolor=&quot;#ffffff&quot;>
            &lt;td>define&lt;/td>
            &lt;td>String&lt;/td>
            &lt;td>Give UI element a unique name to reference it&lt;/td>
          &lt;/tr>
          &lt;tr bgcolor=&quot;#ffffff&quot;>
            &lt;td>svd&lt;/td>
            &lt;td>Only reasonable vale: 0&lt;/td>
            &lt;td>If set to 0 implies that the define is not to be meant to be a register from svd file.&lt;br/>See SVDs later.&lt;/td>
          &lt;/tr>
          &lt;tr bgcolor=&quot;#ffffff&quot;>
            &lt;td>default&lt;/td>
            &lt;td>Defaultstring&lt;br/>label=Defaultstring&lt;br/>index=Defaultstring &lt;/td>
            &lt;td>Set UI element to a default value at startup.&lt;br/>Be sure that the defaultstring is suitable for the UI element,&lt;br/>e.g. “Hello” would not make sense as a default value for a numerical spinbox. &lt;br/>With the alternate formats not the value can be set but its corresponding value&lt;br/>or index e.g. for comboboxes. These formats are not available at all UI elements.&lt;/td>
          &lt;/tr>
          &lt;tr bgcolor=&quot;#ffffff&quot;>
            &lt;td>header&lt;/td>
            &lt;td>Header file name&lt;/td>
            &lt;td>Means that on export the value of the define has to be written to this header file.&lt;br/>The attribute is inherited to nested elements and can be overridden in these.&lt;/td>
          &lt;/tr>
          &lt;tr bgcolor=&quot;#ffffff&quot;>
            &lt;td>lockon&lt;/td>
            &lt;td>define=value;...&lt;/td>
            &lt;td>Locks another UI element to a certain value, meaning that this UI element is disabled&lt;br/>
            for user input and set to the value stated. This attribute is not allowed for all UI elements&lt;br/>
            (e.g. not for all spinbox types, but nevertheless these can be the “receiver” of a lock) and in&lt;br/>
            combo and radios is available on item level (see there). Beware of recursive locks&lt;br/>
            (A locks B locks C locks A).&lt;/td>
          &lt;/tr>
          &lt;/table>
          Many UI elements have specialized attributes sensible only for them. Please refer to the Config Wizard Script Manual for these.&lt;br/>
          "
          font="Helvetica,12,-1,0,50,0,0,0,0,0" >
        </text>
        <horizontalcontainer size="-1;100">
          <text/>
          <groupcontainer size="244;80" color="192;192;192">
            <verticalcontainer>
              <button label="Next" size="200;40" font="Helvetica,12,-1,0,50,0,0,0,0,0" color="90;200;90">
                <action event="clicked" cmd="loadFile" data="Actions1.xml"/>
              </button>
            </verticalcontainer>
          </groupcontainer>
        </horizontalcontainer>
    </verticalcontainer>
  </horizontalcontainer>
</ifxmlcfg>
