<?xml version="1.0" encoding="UTF-8"?>
<ifxmlcfg version="1.0">
	<checksum>09b4ea8cecef13c3f9443ede12c73cb26a7ebe6df41689ab19034a59d0550e92</checksum>

  <horizontalcontainer>
    <verticalcontainer>
      <horizontalcontainer size="-1;100">
        
        <groupcontainer size="-1;80" color="192;192;192">
          <verticalcontainer>
            <text label="Common Attributes" font="Helvetica,12,-1,0,70,0,0,0,0,0"/>
          </verticalcontainer>
        </groupcontainer>
        <text/>
        <groupcontainer size="244;80" color="192;192;192">
          <verticalcontainer>
            <button label="Table of Contents" size="200;40" font="Helvetica,12,-1,0,50,0,0,0,0,0" color="128;255;255">
              <action event="clicked" cmd="loadFile" data="Start.xml"/>
            </button>
          </verticalcontainer>
        </groupcontainer>
      </horizontalcontainer>
      
        <text
          label="As seen before containers and UI elements can have attributes that control their appearance and behaviour.&lt;br/>
          In the following table the attributes that can be used in both containers and UI elements are listed:&lt;br/>

          &lt;table width=&quot;100%&quot; cellspacing=&quot;0&quot; cellpadding=&quot;0&quot; border=&quot;0&quot; align=&quot;center&quot; bgcolor=&quot;#999999&quot;>
          &lt;tr>
          &lt;td>
          &lt;table width=&quot;100%&quot; cellspacing=&quot;2&quot; cellpadding=&quot;0&quot; border=&quot;0&quot;>
          &lt;tr bgcolor=&quot;#ffffff&quot;>
            &lt;td width=&quot;20%&quot;>&lt;b>Attribute&lt;/b>&lt;/td>
            &lt;td width=&quot;40%&quot;>&lt;b>Value&lt;/b>&lt;/td>
            &lt;td width=&quot;40%&quot;>&lt;b>Purpose&lt;/b>&lt;/td>
          &lt;/tr>
          &lt;tr bgcolor=&quot;#ffffff&quot;>
            &lt;td>color&lt;/td>
            &lt;td>R;G;B[;Alpha]&lt;/td>
            &lt;td>Background color&lt;/td>
          &lt;/tr>
          &lt;tr bgcolor=&quot;#ffffff&quot;>
            &lt;td>image&lt;/td>
            &lt;td>image-path&lt;/td>
            &lt;td>Background image&lt;/td>
          &lt;/tr>
          &lt;tr bgcolor=&quot;#ffffff&quot;>
            &lt;td>sizepolicy&lt;/td>
            &lt;td>fixed, expanding, minimum, maximum,&lt;br/>preferred, minimumexpanding &lt;/td>
            &lt;td>See below this table&lt;/td>
          &lt;/tr>
          &lt;tr bgcolor=&quot;#ffffff&quot;>
            &lt;td>pos&lt;/td>
            &lt;td>x-coordinate;y-coordinate&lt;/td>
            &lt;td>Position in the window (mainly used when inside of an absolut container)&lt;/td>
          &lt;/tr>
          &lt;tr bgcolor=&quot;#ffffff&quot;>
            &lt;td>size&lt;/td>
            &lt;td>height;width&lt;/td>
            &lt;td>Size of the element&lt;/td>
          &lt;/tr>
          &lt;tr bgcolor=&quot;#ffffff&quot;>
            &lt;td>font&lt;/td>
            &lt;td>Fontstring in the form&lt;br/>FontFamily, pointSizeF, pixelSize, StyleHint,&lt;br/>Weight, Style, underline, strikeOut, fixedPitch, rawMode&lt;/td>
            &lt;td>Selects a font for the element (or sub elements in case of a container)&lt;/td>
          &lt;/tr>
          &lt;tr bgcolor=&quot;#ffffff&quot;>
            &lt;td>desc&lt;/td>
            &lt;td>Tooltip string&lt;/td>
            &lt;td>If the container above is a tabcontainer, gives a tooltip description&lt;/td>
          &lt;/tr>
          &lt;/table>
          &lt;/td>
          &lt;/tr>
          &lt;/table>

          The sizepolicy attribute consists of a semicolon-separated list of a horizontal and a vertical size policy.&lt;br/>
          The size policy tells the layout engine for each UI element its preferred resizing policy.&lt;br/>
          Each UI element has an inherent sensible size, the so called &quot;size hint&quot;. The size policy refers to this size hint:
          &lt;ul>
            &lt;li>&lt;i>fixed&lt;/i>: The size of the UI element is fixed to its sizeHint. This results in small UI elements, even when the window size grows.&lt;/li>
            &lt;li>&lt;i>minimum&lt;/i>: The size of the UI element is minimum its sizeHint. Large UI elements&lt;/li>
            &lt;li>&lt;i>preferred&lt;/i>: The size can grow or shrink. Large UI elements&lt;/li>
            &lt;li>&lt;i>expanding&lt;/i>: The size can grow or shrink, but has priority above a &lt;i>preferred&lt;/i>. Large UI elements&lt;/li>
            &lt;li>&lt;i>maximum&lt;/i>: The size can not grow larger than sizeHint.  Small UI elements.&lt;/li>
            &lt;li>&lt;i>minimumexpanding&lt;/i>:  Large UI elements&lt;/li>
            &lt;li>&lt;i>ignored&lt;/i>: The sizeHint is ignored, the UI element will get as much space as possible. Large UI elements&lt;/li>
          &lt;/ul>
          "
          font="Helvetica,12,-1,0,50,0,0,0,0,0" >
        </text>
        <horizontalcontainer size="-1;100">
          <text/>
          <groupcontainer size="244;80" color="192;192;192">
            <verticalcontainer>
              <button label="Next" size="200;40" font="Helvetica,12,-1,0,50,0,0,0,0,0" color="90;200;90">
                <action event="clicked" cmd="loadFile" data="Attributes2.xml"/>
              </button>
            </verticalcontainer>
          </groupcontainer>
        </horizontalcontainer>
    </verticalcontainer>
  </horizontalcontainer>
</ifxmlcfg>
