<?xml version="1.0" encoding="UTF-8"?>
<ifxmlcfg version="1.0">
	<checksum>a1375dc62bda7ab6091176a07340e5e7ee97529fdbd90118f32f8d190e614b95</checksum>

  <horizontalcontainer>
    <verticalcontainer>
      <horizontalcontainer size="-1;100">
        
        <groupcontainer size="-1;80" color="192;192;192">
          <verticalcontainer>
            <text label="Basic UI Elements - Input Elements (1)" font="Helvetica,12,-1,0,70,0,0,0,0,0"/>
          </verticalcontainer>
        </groupcontainer>
        <text/>
        <groupcontainer size="244;80" color="192;192;192">
          <verticalcontainer>
            <button label="Table of Contents" size="200;40" font="Helvetica,12,-1,0,50,0,0,0,0,0" color="128;255;255">
              <action event="clicked" cmd="loadFile" data="Start.xml"/>
            </button>
          </verticalcontainer>
        </groupcontainer>
      </horizontalcontainer>
      
      <text
        label="Some of the &lt;b>basic &lt;/b>input UI elements are shown in the below. In the left column the UI element is shown,&lt;br/>
        in the right column the syntax and some of the attributes are described. Once introduced attributes are not listed again in the following.
        Not all attributes are stated, please refer to the XML script language documentation.
        "
        font="Helvetica,12,-1,0,50,0,0,0,0,0" >
      </text>

      <gridcontainer columns="2" font="Helvetica,12,-1,0,50,0,0,0,0,0">
        <checkbox label="This is a checkbox. It can have the two states &quot;checked&quot; and &quot;unchecked&quot;." define="UI.CHECKBOX" font="Helvetica,12,-1,0,50,0,0,0,0,0"/>
        <verticalcontainer>
          <text label="&lt;u>&lt;b>Syntax:&lt;/b>&lt;/u>"/>
          <text label="&lt;checkbox label=&quot;This is a checkbox&quot; define=&quot;UI.CHECKBOX&quot;/>"/>
          <text label="&lt;i>define&lt;/i> gives the UI element an unique name that it can be referenced with (later)"/>
          <text label="&lt;i>label&lt;/i> gives the UI element a text that is output near by it (not for all UI elements)"/>
        </verticalcontainer>
      </gridcontainer>
      
      <horizontalline size="-1;7"/>

      <gridcontainer columns="2" font="Helvetica,12,-1,0,50,0,0,0,0,0">
        <verticalcontainer>
          <spinbox define="UI.SPINBOX" size="100;-1" range="0;100" default="50" font="Helvetica,12,-1,0,50,0,0,0,0,0"/>
          <text label="This is a spinbox. It can have decimal integer values."/>
          <text/>
        </verticalcontainer>
        <verticalcontainer>
          <text label="&lt;u>&lt;b>Syntax:&lt;/b>&lt;/u>"/>
          <text label="&lt;spinbox define=&quot;UI.SPINBOX&quot; size=&quot;100;-1&quot; range=&quot;0;100&quot; default=&quot;50&quot;"/>
          <text label="&lt;i>size&lt;/i> sets the width and height of an UI element. -1 means &quot;don't care&quot;"/>
          <text label="&lt;i>range&lt;/i> restricts the value range of the spinbox to 0..100"/>
          <text label="&lt;i>default&lt;/i> states a default value for UI elements"/>
          <text/>
        </verticalcontainer>
      </gridcontainer>
      
      <horizontalline size="-1;7"/>

      <gridcontainer columns="2" font="Helvetica,12,-1,0,50,0,0,0,0,0">
        <verticalcontainer>
          <hexspinbox define="UI.HEXSPINBOX" size="100;-1" prefix="Hex: " suffix=" V" font="Helvetica,12,-1,0,50,0,0,0,0,0"/>
          <text label="This is a hexspinbox. It can have hexadecimal integer values."/>
          <text/>
        </verticalcontainer>
        <verticalcontainer>
          <text label="&lt;u>&lt;b>Syntax:&lt;/b>&lt;/u>"/>
          <text label="&lt;hexspinbox define=&quot;UI.HEXSPINBOX&quot; prefix=&quot;Hex: &quot; suffix=&quot; V&quot;"/>
          <text label="&lt;i>prefix&lt;/i> sets a prefix before the number"/>
          <text label="&lt;i>suffix&lt;/i> sets a suffix after the number"/>
          <text/>
        </verticalcontainer>
      </gridcontainer>
      
      <horizontalline size="-1;7"/>

      <gridcontainer columns="2" font="Helvetica,12,-1,0,50,0,0,0,0,0">
        <verticalcontainer>
          <doublespinbox define="UI.DOUBLESPINBOX" size="100;-1" range="0;100" default="50.01" font="Helvetica,12,-1,0,50,0,0,0,0,0"/>
          <text label="This is a doublespinbox. It can have float values."/>
          <text/>
        </verticalcontainer>
        <verticalcontainer>
          <text label="&lt;u>&lt;b>Syntax:&lt;/b>&lt;/u>"/>
          <text label="&lt;spinbox define=&quot;UI.DOUBLESPINBOX&quot; size=&quot;100;-1&quot; default=&quot;50.01&quot;"/>
          <text label="&lt;i>default&lt;/i> states not only the default value, its decimal place controls the decimal place of the output"/>
          <text/>
        </verticalcontainer>
      </gridcontainer>
        
        <text/>
      
        <horizontalcontainer size="-1;100">
          <text/>
          <groupcontainer size="244;80" color="192;192;192">
            <verticalcontainer>
              <button label="Next" size="200;40" font="Helvetica,12,-1,0,50,0,0,0,0,0" color="90;200;90">
                <action event="clicked" cmd="loadFile" data="BasicUIElements2.xml"/>
              </button>
            </verticalcontainer>
          </groupcontainer>
        </horizontalcontainer>
    </verticalcontainer>
  </horizontalcontainer>
</ifxmlcfg>
