<?xml version="1.0" encoding="UTF-8"?>
<ifxmlcfg version="1.0">
	<checksum>282c9c8b3440048098c039fcc4bd9c57a9b3939e9003562c3c1eef61bff5fbce</checksum>

  <horizontalcontainer>
    <verticalcontainer>
      <horizontalcontainer size="-1;100">
        
        <groupcontainer size="-1;80" color="192;192;192">
          <verticalcontainer>
            <text label="Basic UI Elements - Input Elements (4)" font="Helvetica,12,-1,0,70,0,0,0,0,0"/>
          </verticalcontainer>
        </groupcontainer>
        <text/>
        <groupcontainer size="244;80" color="192;192;192">
          <verticalcontainer>
            <button label="Table of Contents" size="200;40" font="Helvetica,12,-1,0,50,0,0,0,0,0" color="128;255;255">
              <action event="clicked" cmd="loadFile" data="Start.xml"/>
            </button>
          </verticalcontainer>
        </groupcontainer>
      </horizontalcontainer>
      
      <text
        label="The &lt;i>button&lt;/i> can trigger several action, as all other input elements can.&lt;br/>
        But since this is the only purpose of the button and the needed &lt;i>action&lt;/i>s are discussed in a later chapter
        the button is only touched here.
        "
        font="Helvetica,12,-1,0,50,0,0,0,0,0" >
      </text>

      <gridcontainer columns="2" font="Helvetica,12,-1,0,50,0,0,0,0,0">
        <verticalcontainer>
          <button label="CLEAR" size="90;-1">
            <!--<action event="clicked" cmd="sendUSB" data="0x02;0x4A;0x02;0x00;0xC2"/>-->
          </button>
          <text label="This is a button. It can trigger several actions."/>
          <text/>
        </verticalcontainer>
        <verticalcontainer>
          <text label="&lt;u>&lt;b>Syntax:&lt;/b>&lt;/u>"/>
          <text label="&lt;button label=&quot;CLEAR&quot; size=&quot;90;-1&quot;"/>
          <text label="&#160;&#160;&lt;action event=&quot;clicked&quot; cmd=&quot;sendUSB&quot; data=&quot;0x02;0x4A;0x02;0x00;0xC2&quot;/>"/>
          <text label="&lt;/button&quot;"/>
          <text label="&lt;i>action&lt;/i> defines an action, in this case sends data to the USB. Explained later."/>
          <text/>
        </verticalcontainer>
      </gridcontainer>
      
      <horizontalline size="-1;7"/>

      <gridcontainer columns="2" font="Helvetica,12,-1,0,50,0,0,0,0,0">
        <verticalcontainer>
          <togglebutton define="CTRL.HARDWARE_EN" label="READ DATA CONTINUOUSLY" oncolor="0;240;0" offcolor="240;0;0"/>
          <text label="This is a togglebutton. It can have two states and trigger several actions."/>
          <text/>
        </verticalcontainer>
        <verticalcontainer>
          <text label="&lt;u>&lt;b>Syntax:&lt;/b>&lt;/u>"/>
          <text label="&lt;togglebutton label=&quot;READ DATA CONTINUOUSLY&quot; oncolor=&quot;0;240;0&quot; offcolor=&quot;240;0;0&quot;"/>
          <text label="&#160;&#160;&lt;action event=&quot;checked&quot; cmd=&quot;sendUSB&quot; data=&quot;0x06;0x10;0x00;0x00;0xB4&quot;/>"/>
          <text label="&#160;&#160;&lt;action event=&quot;unchecked&quot; cmd=&quot;sendUSB&quot; data=&quot;0x06;0x10;0x01;0x00;0xB4&quot;/>"/>
          <text label="&lt;/togglebutton&quot;"/>
          <text label="&lt;i>oncolor&lt;/i> states the color of the button in its &lt;i>checked&lt;/i> state. Given as an RGB value."/>
          <text label="&lt;i>offcolor&lt;/i> states the color of the button in its &lt;i>unchecked&lt;/i> state. Given as an RGB value."/>
          <text/>
        </verticalcontainer>
      </gridcontainer>

      <horizontalline size="-1;7"/>
      
      <gridcontainer columns="2" font="Helvetica,12,-1,0,50,0,0,0,0,0">
        <verticalcontainer>
          <knob define="UI.KNOB" size="130;130" default="100" range="1;200" font="Helvetica,12,-1,0,50,0,0,0,0,0"/>
          <text label="This is a knob. It can have decimal integer values."/>
          <text/>
        </verticalcontainer>
        <verticalcontainer>
          <text label="&lt;u>&lt;b>Syntax:&lt;/b>&lt;/u>"/>
          <text label="&lt;knob define=&quot;UI.KNOB&quot; size=&quot;130;130&quot; default=&quot;100B&quot; range=&quot;1;200&quot;/>"/>
          <text/>
        </verticalcontainer>
      </gridcontainer>

      <text/>
      
        <horizontalcontainer size="-1;100">
          <text/>
          <groupcontainer size="244;80" color="192;192;192">
            <verticalcontainer>
              <button label="Next" size="200;40" font="Helvetica,12,-1,0,50,0,0,0,0,0" color="90;200;90">
                <action event="clicked" cmd="loadFile" data="BasicUIElements5.xml"/>
              </button>
            </verticalcontainer>
          </groupcontainer>
        </horizontalcontainer>
    </verticalcontainer>
  </horizontalcontainer>
</ifxmlcfg>
