<?xml version="1.0" encoding="UTF-8"?>
<ifxmlcfg version="1.0">
	<checksum>c2e0f7930e58a7468662e53dcb7d60d9132b128eba53fc712ed88a4cab3af3c5</checksum>

  <horizontalcontainer>
    <verticalcontainer>
      <horizontalcontainer size="-1;100">
        
        <groupcontainer size="-1;80" color="192;192;192">
          <verticalcontainer>
            <text label="Basic UI Elements - Input Elements (3)" font="Helvetica,12,-1,0,70,0,0,0,0,0"/>
          </verticalcontainer>
        </groupcontainer>
        <text/>
        <groupcontainer size="244;80" color="192;192;192">
          <verticalcontainer>
            <button label="Table of Contents" size="200;40" font="Helvetica,12,-1,0,50,0,0,0,0,0" color="128;255;255">
              <action event="clicked" cmd="loadFile" data="Start.xml"/>
            </button>
          </verticalcontainer>
        </groupcontainer>
      </horizontalcontainer>
      
      <text
        label="The &lt;i>combobox&lt;/i> can contain several &lt;i>item&lt;/i> elements, shown as a drop-down menu.&lt;br/>
        The items can be added manually with the item element or fetched from a hardware-describing svd file (or a mix of both).&lt;br/>
        &lt;i>Radiobuttons&lt;/i> are always surrounded by a &lt;i>radio&lt;/i>-tag, if only one radiobutton can be selected.&lt;br/>
        "
        font="Helvetica,12,-1,0,50,0,0,0,0,0" >
      </text>

      <gridcontainer columns="2" font="Helvetica,12,-1,0,50,0,0,0,0,0">
        <verticalcontainer>
          <combo label="fSYS" define="UI.COMBO" svd="0" default="24000000" size="200;-1">
            <item label="40 MHz" value="40000000"   />
            <item label="33.3 MHz" value="33333333" />
            <item label="24 MHz" value="24000000"   />
            <item label="20 MHz" value="20000000"   />
            <item label="12 MHz" value="12000000"   />
            <item label="10 MHz" value="10000000"   />
          </combo>
          <text label="This is a combo. It can have several items with associated values."/>
          <text/>
        </verticalcontainer>
        <verticalcontainer>
          <text label="&lt;u>&lt;b>Syntax:&lt;/b>&lt;/u>"/>
          <text label="&lt;combo define=&quot;UI.COMBO&quot; svd=&quot;0&quot; default=&quot;24000000&quot;"/>
          <text label="&#160;&#160;&lt;item label=&quot;40 MHz&quot; value=&quot;40000000&quot;"/>
          <text label="&#160;&#160;..."/>
          <text label="&lt;/combo&quot;"/>
          <text label="&lt;i>svd&lt;/i> tells the combo that the items are states in item elements, not from a svd file."/>
          <text label="&lt;i>label&lt;/i> states the text shown in a combo line"/>
          <text label="&lt;i>default&lt;/i> states its value"/>
          <text/>
        </verticalcontainer>
      </gridcontainer>
      
      <horizontalline size="-1;7"/>

      <gridcontainer columns="2" font="Helvetica,12,-1,0,50,0,0,0,0,0">
        <verticalcontainer>
          <radio define="UI.RADIO">
            <radiobutton label="High Imped." value="0"/>
            <radiobutton label="HS1/LS2 on " value="6"/>
            <radiobutton label="LS1/HS2 on " value="9"/>
            <radiobutton label="Break Low  " value="5"/>
            <radiobutton label="Break High " value="10"/>
          </radio>
          <text label="This is a radio group. It can contain several radiobuttons with associated values."/>
          <text/>
        </verticalcontainer>
        <verticalcontainer>
          <text label="&lt;u>&lt;b>Syntax:&lt;/b>&lt;/u>"/>
          <text label="&lt;radio define=&quot;UI.RADIO&quot;"/>
          <text label="&#160;&#160;&lt;radiobutton label=&quot;High Imped.&quot; value=&quot;0&quot;"/>
          <text label="&#160;&#160;..."/>
          <text label="&lt;/radio&quot;"/>
          <text label="&lt;i>label&lt;/i> states the text shown in a radiobutton"/>
          <text label="&lt;i>default&lt;/i> states its value"/>
          <text/>
        </verticalcontainer>
      </gridcontainer>
      
      <text/>
      
      <horizontalcontainer size="-1;100">
        <text/>
        <groupcontainer size="244;80" color="192;192;192">
          <verticalcontainer>
            <button label="Next" size="200;40" font="Helvetica,12,-1,0,50,0,0,0,0,0" color="90;200;90">
              <action event="clicked" cmd="loadFile" data="BasicUIElements4.xml"/>
            </button>
          </verticalcontainer>
        </groupcontainer>
      </horizontalcontainer>
    </verticalcontainer>
  </horizontalcontainer>
</ifxmlcfg>
