<?xml version="1.0" encoding="UTF-8"?>
<ifxmlcfg version="1.0">
	<checksum>8dcb0a78d9269d7da9d972a07ef92467e9e77c2741098cc30ba6d8b752ef5744</checksum>

  <horizontalcontainer>
    <verticalcontainer>
      <horizontalcontainer size="-1;100">
        
        <groupcontainer size="-1;80" color="192;192;192">
          <verticalcontainer>
            <text label="Basic UI Elements - Input Elements (2)" font="Helvetica,12,-1,0,70,0,0,0,0,0"/>
          </verticalcontainer>
        </groupcontainer>
        <text/>
        <groupcontainer size="244;80" color="192;192;192">
          <verticalcontainer>
            <button label="Table of Contents" size="200;40" font="Helvetica,12,-1,0,50,0,0,0,0,0" color="128;255;255">
              <action event="clicked" cmd="loadFile" data="Start.xml"/>
            </button>
          </verticalcontainer>
        </groupcontainer>
      </horizontalcontainer>
      
      <text
        label="Further UI elements follow. The edit and editbox elements are for entering text (not numerical interpreted),&lt;br/>
        e.g. for the name of a callback function or for writing down notes. The editbox is similar to the edit element but can span&lt;br/>
        over more than one line and can contain in its default html elements, so that e.g. images, hyperlinks or a send mail function&lt;br/>
        can be included in the text.
        "
        font="Helvetica,12,-1,0,50,0,0,0,0,0" >
      </text>

      <gridcontainer columns="2" font="Helvetica,12,-1,0,50,0,0,0,0,0">
        <verticalcontainer>
          <edit define="UI.EDIT" size="200;-1" default="place_your_function_call_back_here" font="Helvetica,12,-1,0,50,0,0,0,0,0"/>
          <text label="This is an edit. It can have one line of text."/>
          <text/>
        </verticalcontainer>
        <verticalcontainer>
          <text label="&lt;u>&lt;b>Syntax:&lt;/b>&lt;/u>"/>
          <text label="&lt;edit define=&quot;UI.EDIT&quot; size=&quot;200;-1&quot; default=&quot;place_your_function_call_back_here&quot;"/>
          <text/>
        </verticalcontainer>
      </gridcontainer>
      
      <horizontalline size="-1;7"/>

      <gridcontainer columns="2" font="Helvetica,12,-1,0,50,0,0,0,0,0">
        <verticalcontainer>
          <editbox define="UI.EDITBOX" size="400;-1" default="This can contain images, links, " font="Helvetica,12,-1,0,50,0,0,0,0,0"/>
          <text label="This is an editbox. It can have several lines of (html-)text."/>
          <text/>
        </verticalcontainer>
        <verticalcontainer>
          <text label="&lt;u>&lt;b>Syntax:&lt;/b>&lt;/u>"/>
          <text label="&lt;edit define=&quot;UI.EDIT&quot; size=&quot;200;-1&quot; default=&quot;This can contain images, links, &quot;"/>
          <text/>
        </verticalcontainer>
      </gridcontainer>
        
        <text/>
      
        <horizontalcontainer size="-1;100">
          <text/>
          <groupcontainer size="244;80" color="192;192;192">
            <verticalcontainer>
              <button label="Next" size="200;40" font="Helvetica,12,-1,0,50,0,0,0,0,0" color="90;200;90">
                <action event="clicked" cmd="loadFile" data="BasicUIElements3.xml"/>
              </button>
            </verticalcontainer>
          </groupcontainer>
        </horizontalcontainer>
    </verticalcontainer>
  </horizontalcontainer>
</ifxmlcfg>
