<?xml version="1.0" encoding="UTF-8"?>
<ifxmlcfg version="1.0">
	<checksum>699e570281ba476ad559fff586847a11fccf84a876b943812aac7d69a0458991</checksum>

  <horizontalcontainer>
    <verticalcontainer>
      <horizontalcontainer size="-1;100">
        
        <groupcontainer size="-1;80" color="192;192;192">
          <verticalcontainer>
            <text label="Basic UI Elements - Output Elements" font="Helvetica,12,-1,0,70,0,0,0,0,0"/>
          </verticalcontainer>
        </groupcontainer>
        <text/>
        <groupcontainer size="244;80" color="192;192;192">
          <verticalcontainer>
            <button label="Table of Contents" size="200;40" font="Helvetica,12,-1,0,50,0,0,0,0,0" color="128;255;255">
              <action event="clicked" cmd="loadFile" data="Start.xml"/>
            </button>
          </verticalcontainer>
        </groupcontainer>
      </horizontalcontainer>
      
      <text
        label="The &lt;i>text&lt;/i> simply writes out text and in its emty form (without containing text) is used to fill up gaps in the UI.&lt;br/>
        &lt;i>image&lt;/i> is used to embed an image into the screen, while &lt;i>LED&lt;/i> shows a LED.&lt;br/>
        "
        font="Helvetica,12,-1,0,50,0,0,0,0,0" >
      </text>

      <gridcontainer columns="2" font="Helvetica,12,-1,0,50,0,0,0,0,0">
        <verticalcontainer>
          <text label="This is a text."/>
          <text/>
        </verticalcontainer>
        <verticalcontainer>
          <text label="&lt;u>&lt;b>Syntax:&lt;/b>&lt;/u>"/>
          <text label="&lt;text label=&quot;This is a text.&quot;/>"/>
          <text label="&lt;i>label&lt;/i> states the text"/>
          <text/>
        </verticalcontainer>
      </gridcontainer>
      
      <horizontalline size="-1;7"/>

      <gridcontainer columns="2" font="Helvetica,12,-1,0,50,0,0,0,0,0">
        <verticalcontainer>
          <image define="UI.LED_IMAGE" file="LED12_lh.PNG"/>
          <text label="This is an image. Its bitmap can be changed during runtime."/>
          <text/>
        </verticalcontainer>
        <verticalcontainer>
          <text label="&lt;u>&lt;b>Syntax:&lt;/b>&lt;/u>"/>
          <text label="&lt;image define=&quot;UI.LED_IMAGE&quot; file=&quot;LED12_lh.PNG&quot;/>"/>
          <text label="&lt;i>file&lt;/i> states the filename of the image"/>
          <text/>
        </verticalcontainer>
      </gridcontainer>
      
      <horizontalline size="-1;7"/>

      <gridcontainer columns="2" font="Helvetica,12,-1,0,50,0,0,0,0,0">
        <verticalcontainer>
          <led data="LED.USB" bitmask="0x01" oncolor="green" offcolor="red" size="25;25"/>
          <text label="This is a LED. Its state (color) can be changed during runtime."/>
          <text/>
        </verticalcontainer>
        <verticalcontainer>
          <text label="&lt;u>&lt;b>Syntax:&lt;/b>&lt;/u>"/>
          <text label="&lt;led data=&quot;LED.USB&quot; bitmask=&quot;0x01&quot; oncolor=&quot;green&quot; offcolor=&quot;red&quot; size=&quot;25;25&quot;/>"/>
          <text label="&lt;i>data&lt;/i> the name of the LED, used to set it from another UI element"/>
          <text label="&lt;i>bitmask&lt;/i> is used to mask bits out given in &lt;i>data&lt;/i>"/>
          <text label="&lt;i>oncolor&lt;/i> states the color of the LED when it has a value != 0. Given as an RGB value."/>
          <text label="&lt;i>offcolor&lt;/i> states the color of the LED when it has a value == 0. Given as an RGB value."/>
          <text/>
        </verticalcontainer>
      </gridcontainer>
      
      <text/>
      
      <horizontalcontainer size="-1;100">
        <text/>
        <groupcontainer size="244;80" color="192;192;192">
          <verticalcontainer>
            <button label="Next" size="200;40" font="Helvetica,12,-1,0,50,0,0,0,0,0" color="90;200;90">
              <action event="clicked" cmd="loadFile" data="Containers1.xml"/>
            </button>
          </verticalcontainer>
        </groupcontainer>
      </horizontalcontainer>
    </verticalcontainer>
  </horizontalcontainer>
</ifxmlcfg>
