<?xml version="1.0" encoding="UTF-8"?>
<ifxmlcfg version="1.0">
	<checksum>f5a8491c1361f075c58d10cc31f06cb1f19e8af13003aeb5913b24a9edb531f3</checksum>

  <horizontalcontainer>
    <verticalcontainer>
      <horizontalcontainer size="-1;100">
        
        <groupcontainer size="-1;80" color="192;192;192">
          <verticalcontainer>
            <text label="Containers (3)" font="Helvetica,12,-1,0,70,0,0,0,0,0"/>
          </verticalcontainer>
        </groupcontainer>
        <text/>
        <groupcontainer size="244;80" color="192;192;192">
          <verticalcontainer>
            <button label="Table of Contents" size="200;40" font="Helvetica,12,-1,0,50,0,0,0,0,0" color="128;255;255">
              <action event="clicked" cmd="loadFile" data="Start.xml"/>
            </button>
          </verticalcontainer>
        </groupcontainer>
      </horizontalcontainer>
      
      <text
        label="&lt;i>treecontainer&lt;/i>s have subelements that are aligned vertically. If an indentation is needed the sub-element &lt;i>branch&lt;/i>&lt;br/>
        has to be used. This branch elements (possible for radiobuttons and checkboxes only) also disable their children&lt;br/>
        if not selected. If no indentation is needed, every element is possible as sub-element.
        "
        font="Helvetica,12,-1,0,50,0,0,0,0,0" >
      </text>

      <gridcontainer columns="2" font="Helvetica,12,-1,0,50,0,0,0,0,0">
        <treecontainer headerlabels="Parameter;Settings;" columnwidths="110;320" size="550;200">
          <combo define="UIO.SPI_BAUDRATE" label="Baudrate" default="label=500 kBaud">
            <item label="100 kBaud" value="1"/>
            <item label="500 kBaud" value="5"/>
            <item label="1 MBaud" value="10"/>
            <item label="2 MBaud" value="20"/>
          </combo>
          <combo define="UIO.SPI_EDGE" label="Edge Selection" default="label=Passive clock level low, slave receive on falling edge">
            <item label="Passive clock level low, slave receive on falling edge" value="0x42"/>
            <item label="Passive clock level low, slave receive on rising edge" value="0x43"/>
            <item label="Passive clock level high, slave receive on falling edge" value="0x44"/>
            <item label="Passive clock level high, slave receive on rising edge" value="0x45"/>
          </combo>
          <combo define="UIO.SPI_WORDLENGTH" label="Word Length" default="label=16 bit">
            <item label="8 bit" value="8"/>
            <item label="16 bit" value="16"/>
            <item label="24 bit" value="24"/>
            <item label="32 bit" value="32"/>
          </combo>
          <combo label="Bit order" define="UIO.SPI_BITORDER" default="label=LSB first">
            <item label="LSB first" value="0x46"/>
            <item label="MSB first" value="0x47"/>
          </combo>
        </treecontainer>
        <verticalcontainer>
          <text label="&lt;u>&lt;b>Syntax:&lt;/b>&lt;/u>"/>
          <text label="&lt;treecontainer headerlabels=&quot;Parameter;Settings;&quot; columnwidths=&quot;110;320&quot;/>"/>
          <text label="&#160;&#160;&lt;combo label=&quot;Baudrate&quot; define=&quot;UIO.SPI_BAUDRATE&quot; default=&quot;label=500 kBaud&quot; />"/>
          <text label="&#160;&#160;&#160;&#160;&lt;item label=&quot;100 kBaud&quot; value=&quot;1&quot;/>"/>
          <text label="&#160;&#160;&#160;&#160;..."/>
          <text label="&#160;&#160;&lt;combo label=&quot;Edge Selection&quot; define=&quot;UIO.SPI_EDGE&quot; default=&quot;label=Passive clock level low, slave receive on falling edge&quot; />"/>
          <text label="&#160;&#160;&#160;&#160;&lt;item label=&quot;Passive clock level low, slave receive on falling edge&quot; value=&quot;1&quot;/>"/>
          <text label="&#160;&#160;&#160;&#160;..."/>
          <text label="&#160;&#160;..."/>
          <text label="&lt;/treecontainer>"/>
          <text label="&lt;i>headerlabels&lt;/i> the header labels of the treecontainer."/>
          <text label="&lt;i>columnwidths&lt;/i> the header widths of the treecontainer."/>
        </verticalcontainer>
      </gridcontainer>
      <text label="This is a simple treecontainer without branches." font="Helvetica,12,-1,0,50,0,0,0,0,0"/>

      <horizontalline size="-1;7"/>

      <gridcontainer columns="2" font="Helvetica,12,-1,0,50,0,0,0,0,0">
        <treecontainer headerlabels="Structure;Settings;" columnwidths="220;200" size="550;200">
          <checkbox label="Override Internal Oscillator Frequency" define="SCU.INT_OSC_OVERRIDE_EN" svd="0" uielement="branch">
            <doublespinbox label="Int. fOSC" define="SCU.INT_OSC" svd="0" default="5.0" suffix=" MHz" step="0.1"/>
          </checkbox>
          <radio define="SCU.AUTO_FSYS_SEL" svd="0">
            <radiobutton label="Automatic Clock Configuration" lockon="SCU.XTAL_EN=0" uielement="branch">
              <combo label="fSYS" define="SCU.AUTO_FSYS[31:0]" svd="0" default="24000000">
                <item label="40 MHz" value="40000000" lockon="SCU.CMCON1.K2DIV.label=2;SCU.APCLK1.APCLK1FAC.label=fSYS / 2;SCU.APCLK2.APCLK2FAC=19;SCU.CMCON1.VCOSEL.label=48-112MHz"/>
                <item label="33.3 MHz" value="33333333" lockon="SCU.CMCON1.K2DIV.label=3;SCU.APCLK1.APCLK1FAC.label=fSYS / 2;SCU.APCLK2.APCLK2FAC=15;SCU.CMCON1.VCOSEL.label=48-112MHz"/>
                <item label="24 MHz" value="24000000" lockon="SCU.CMCON1.K2DIV.label=5;SCU.APCLK1.APCLK1FAC.label=fSYS;SCU.APCLK2.APCLK2FAC=11;SCU.CMCON1.VCOSEL.label=96-160MHz"/>
                <item label="20 MHz" value="20000000" lockon="SCU.CMCON1.K2DIV.label=4;SCU.APCLK1.APCLK1FAC.label=fSYS;SCU.APCLK2.APCLK2FAC=9;SCU.CMCON1.VCOSEL.label=48-112MHz"/>
                <item label="12 MHz" value="12000000" lockon="SCU.CMCON1.K2DIV.label=5;SCU.APCLK1.APCLK1FAC.label=fSYS;SCU.APCLK2.APCLK2FAC=5;SCU.CMCON1.VCOSEL.label=48-112MHz"/>
                <item label="10 MHz" value="10000000" lockon="SCU.CMCON1.K2DIV.label=4;SCU.APCLK1.APCLK1FAC.label=fSYS;SCU.APCLK2.APCLK2FAC=4;SCU.CMCON1.VCOSEL.label=48-112MHz"/>
              </combo>
            </radiobutton>
            <radiobutton label="Manual Clock Configuration" uielement="branch">
              <checkbox define="SCU.XTAL_EN" svd="0" label="Enable external XTAL" uielement="branch">
                <doublespinbox define="SCU.XTAL_FREQ" svd="0" label="XTAL Frequency" default="5.0" suffix=" MHz" range="5;25"/>
              </checkbox>
              <branch label="PLL Setting">
                <combo label="N-Multiplier" define="SCU.PLL_CON.NDIV" default="label=12">
                  <item label="8"/>
                  <item label="9"/>
                  <item label="10"/>
                  <item label="12"/>
                </combo>
                <combo label="K2-Divider" define="SCU.CMCON1.K2DIV" default="label=2">
                  <item label="2"/>
                  <item label="3"/>
                  <item label="4"/>
                  <item label="5"/>
                </combo>
                <combo label="VCO Range" define="SCU.CMCON1.VCOSEL">
                  <item label="48-112MHz"/>
                  <item label="96-160MHz"/>
                </combo>
                <math label="fSYS" define="SCU.FSYS" svd="0" unit="Hz" format="%g" formula="(SCU.XTAL_EN&lt;1?(SCU.INT_OSC_OVERRIDE_EN?SCU.INT_OSC:5)*1000000:SCU.XTAL_FREQ*1000000)*SCU.PLL_CON.NDIV.label/SCU.CMCON1.K2DIV.label"/>
              </branch>
              <branch label="Analog Clock Configuration">
                <combo label="MI_CLK (~20MHz)" define="SCU.APCLK1.APCLK1FAC">
                  <item label="fSYS"/>
                  <item label="fSYS / 2"/>
                  <item label="fSYS / 3"/>
                  <item label="fSYS / 4"/>
                </combo>
                <!--<math label="MI_CLK (should be ~20MHz)" unit="MHz" define="SCU.APCLK_MI_CLK" svd="0" formula="SCU.PLL_fPLL/(SCU.APCLK1.APCLK1FAC+1)" format="%g"/>-->
                <spinbox label="Filter Clock Divider" range="0;31" define="SCU.APCLK2.APCLK2FAC" default="9"/>
                <!--<math label="Filter Clock (~2MHz)" unit="MHz" define="SCU.APCLK_FILT_CLK" svd="0" formula="SCU.PLL_fPLL/(SCU.APCLK2.APCLK2FAC+1)" format="%g"/>-->
              </branch>
            </radiobutton>
          </radio>
        </treecontainer>
        <verticalcontainer>
          <text label="&lt;u>&lt;b>Syntax:&lt;/b>&lt;/u>"/>
          <text label="&lt;treecontainer headerlabels=&quot;Parameter;Settings;&quot; columnwidths=&quot;110;320&quot;/>"/>
          <text label="&#160;&#160;&lt;checkbox label=&quot;Override Internal Oscillator Frequency&quot; define=&quot;SCU.INT_OSC_OVERRIDE_EN&quot; svd=&quot;0&quot; uielement=&quot;branch&quot;>"/>
          <text label="&#160;&#160;&#160;&#160;&lt;doublespinbox label=&quot;Int. fOSC&quot; define=&quot;SCU.INT_OSC&quot; svd=&quot;0&quot; default=&quot;5.0&quot; suffix=&quot; MHz&quot; step=&quot;0.1&quot;/>"/>
          <text label="&#160;&#160;&lt;/checkbox>"/>
          <text label="&#160;&#160;&lt;radio define=&quot;SCU.AUTO_FSYS_SEL&quot; svd=&quot;0&quot;>"/>

          <text label="&#160;&#160;&#160;&#160;&lt;radiobutton label=&quot;Automatic Clock Configuration&quot; lockon=&quot;SCU.XTAL_EN=0&quot; uielement=&quot;branch&quot;>"/>
          <text label="&#160;&#160;&#160;&#160;&#160;&#160;&lt;combo label=&quot;fSYS&quot; define=&quot;SCU.AUTO_FSYS[31:0]&quot; svd=&quot;0&quot; default=&quot;24000000&quot;>"/>
          <text label="&#160;&#160;&#160;&#160;&#160;&#160;&#160;&#160;&lt;item label=&quot;40 MHz&quot; value=&quot;40000000&quot;/>"/>
              
          <text label="&#160;&#160;&#160;&#160;..."/>
          <text label="&#160;&#160;..."/>
          <text label="&lt;/treecontainer>"/>
          <text label="&lt;i>pos&lt;/i> the absolute position of the UI element within the absolutecontainer."/>
        </verticalcontainer>
      </gridcontainer>
      <text label="This is a complex treecontainer with branches." font="Helvetica,12,-1,0,50,0,0,0,0,0"/>

      <text/>
      
        <horizontalcontainer size="-1;100">
          <text/>
          <groupcontainer size="244;80" color="192;192;192">
            <verticalcontainer>
              <button label="Next" size="200;40" font="Helvetica,12,-1,0,50,0,0,0,0,0" color="90;200;90">
                <action event="clicked" cmd="loadFile" data="Containers4.xml"/>
              </button>
            </verticalcontainer>
          </groupcontainer>
        </horizontalcontainer>
    </verticalcontainer>
  </horizontalcontainer>
</ifxmlcfg>
