<?xml version="1.0" encoding="UTF-8"?>
<ifxmlcfg version="1.0">
	<checksum>58055c0f723886925be19700134e8cb6e3e4b4ace5c36aca618eff6d0681b60c</checksum>

  <horizontalcontainer>
    <verticalcontainer>
      <horizontalcontainer size="-1;100">
        
        <groupcontainer size="-1;80" color="192;192;192">
          <verticalcontainer>
            <text label="Containers (1)" font="Helvetica,12,-1,0,70,0,0,0,0,0"/>
          </verticalcontainer>
        </groupcontainer>
        <text/>
        <groupcontainer size="244;80" color="192;192;192">
          <verticalcontainer>
            <button label="Table of Contents" size="200;40" font="Helvetica,12,-1,0,50,0,0,0,0,0" color="128;255;255">
              <action event="clicked" cmd="loadFile" data="Start.xml"/>
            </button>
          </verticalcontainer>
        </groupcontainer>
      </horizontalcontainer>
      
      <text
        label="The UI elements normally are not placed on the screen by their coordinates, but are placed within so called &lt;b>containers&lt;/b>&lt;br/>
        that manage the layouot of the UI elements on the screen. One ore more UI elements can be placed within such a container&lt;br/>
        and the type of the container predetermines the arrangement of its included elements.&lt;br/>
        There are containers that arrange UI elements in a horizontal or vertical manner, other place UI elements in a grid,&lt;br/>
        a tree or in a tab and for some special cases also absolute coordinates can be sensible.&lt;br/>
        Containers can be nested, so that e.g. within a grid the elements in a certain column/row are vertical placed.
        They also can have an individual background image or color.
        "
        font="Helvetica,12,-1,0,50,0,0,0,0,0" >
      </text>

      <gridcontainer columns="2" font="Helvetica,12,-1,0,50,0,0,0,0,0">
        <verticalcontainer>
          <checkbox label="Checkbox1" define="UI.CHECKBOX1" font="Helvetica,12,-1,0,50,0,0,0,0,0"/>
          <checkbox label="Checkbox2" define="UI.CHECKBOX2" font="Helvetica,12,-1,0,50,0,0,0,0,0"/>
          <checkbox label="Checkbox3" define="UI.CHECKBOX3" font="Helvetica,12,-1,0,50,0,0,0,0,0"/>
          <text label="Three checkboxes within a verticalcontainer."/>
        </verticalcontainer>
        <verticalcontainer>
          <text label="&lt;u>&lt;b>Syntax:&lt;/b>&lt;/u>"/>
          <text label="&lt;verticalcontainer/>"/>
          <text label="&#160;&#160;&lt;checkbox label=&quot;Checkbox1&quot; define=&quot;UI.CHECKBOX1&quot;/>"/>
          <text label="&#160;&#160;..."/>
          <text label="&lt;/verticalcontainer>"/>
        </verticalcontainer>
      </gridcontainer>
      
      <horizontalline size="-1;7"/>

      <gridcontainer columns="2" font="Helvetica,12,-1,0,50,0,0,0,0,0">
        <horizontalcontainer>
          <checkbox label="Checkbox4" define="UI.CHECKBOX4" font="Helvetica,12,-1,0,50,0,0,0,0,0"/>
          <checkbox label="Checkbox5" define="UI.CHECKBOX5" font="Helvetica,12,-1,0,50,0,0,0,0,0"/>
          <checkbox label="Checkbox6" define="UI.CHECKBOX6" font="Helvetica,12,-1,0,50,0,0,0,0,0"/>
          <text label="Three checkboxes within a horizontalcontainer."/>
        </horizontalcontainer>
        <verticalcontainer>
          <text label="&lt;u>&lt;b>Syntax:&lt;/b>&lt;/u>"/>
          <text label="&lt;horizontalcontainer/>"/>
          <text label="&#160;&#160;&lt;checkbox label=&quot;Checkbox1&quot; define=&quot;UI.CHECKBOX1&quot;/>"/>
          <text label="&#160;&#160;..."/>
          <text label="&lt;/horizontalcontainer>"/>
        </verticalcontainer>
      </gridcontainer>

      <horizontalline size="-1;7"/>

      <gridcontainer columns="2" font="Helvetica,12,-1,0,50,0,0,0,0,0">
        <gridcontainer columns="3" color="127;127;127" >
          <checkbox label="Checkbox7" define="UI.CHECKBOX7" font="Helvetica,12,-1,0,50,0,0,0,0,0"/>
          <checkbox label="Checkbox8" define="UI.CHECKBOX8" font="Helvetica,12,-1,0,50,0,0,0,0,0"/>
          <checkbox label="Checkbox9" define="UI.CHECKBOX9" font="Helvetica,12,-1,0,50,0,0,0,0,0"/>
          <checkbox label="Checkbox10" define="UI.CHECKBOX10" font="Helvetica,12,-1,0,50,0,0,0,0,0"/>
          <checkbox label="Checkbox11" define="UI.CHECKBOX11" font="Helvetica,12,-1,0,50,0,0,0,0,0"/>
          <checkbox label="Checkbox12" define="UI.CHECKBOX12" font="Helvetica,12,-1,0,50,0,0,0,0,0"/>
          <text label="Four checkboxes within a gridcontainer."/>
        </gridcontainer>
        <verticalcontainer>
          <text label="&lt;u>&lt;b>Syntax:&lt;/b>&lt;/u>"/>
          <text label="&lt;gridcontainer columns=&quot;3&quot;/>"/>
          <text label="&#160;&#160;&lt;checkbox label=&quot;Checkbox1&quot; define=&quot;UI.CHECKBOX1&quot;/>"/>
          <text label="&#160;&#160;..."/>
          <text label="&lt;/gridcontainer>"/>
          <text label="&lt;i>columns&lt;/i> tells the grid container how much columns should be used."/>
          <text label="&lt;i>color&lt;/i> an optional background color for the container."/>
        </verticalcontainer>
      </gridcontainer>

      <text/>
      
        <horizontalcontainer size="-1;100">
          <text/>
          <groupcontainer size="244;80" color="192;192;192">
            <verticalcontainer>
              <button label="Next" size="200;40" font="Helvetica,12,-1,0,50,0,0,0,0,0" color="90;200;90">
                <action event="clicked" cmd="loadFile" data="Containers2.xml"/>
              </button>
            </verticalcontainer>
          </groupcontainer>
        </horizontalcontainer>
    </verticalcontainer>
  </horizontalcontainer>
</ifxmlcfg>
