<?xml version="1.0" encoding="UTF-8"?>
<ifxmlcfg version="1.0">
	<checksum>3040d6ff73816fe2bbde4169c94c02d8545c2ccebfd7578b276bb203cde6152c</checksum>

  <horizontalcontainer>
    <verticalcontainer>
      <horizontalcontainer size="-1;100">
        
        <groupcontainer size="-1;80" color="192;192;192">
          <verticalcontainer>
            <text label="Containers (2)" font="Helvetica,12,-1,0,70,0,0,0,0,0"/>
          </verticalcontainer>
        </groupcontainer>
        <text/>
        <groupcontainer size="244;80" color="192;192;192">
          <verticalcontainer>
            <button label="Table of Contents" size="200;40" font="Helvetica,12,-1,0,50,0,0,0,0,0" color="128;255;255">
              <action event="clicked" cmd="loadFile" data="Start.xml"/>
            </button>
          </verticalcontainer>
        </groupcontainer>
      </horizontalcontainer>
      
      <text
        label="&lt;i>absolutecontainer&lt;/i>s align their sub-elements at an absolute position given by the developer.&lt;br/>
        It is not the prefered container, as every of its sub-elements need the pos-attribute to give its absolute position.&lt;br/>
        This is not only time-consuming, but also the resulting GUI isn´t independent from window size / screen resolution.&lt;br/>
        But it can be necessary if the UI elements have to stay in a fixed position to each other (e.g. buttons that form an image).&lt;br/>
        &lt;i>groupcontainer&lt;/i>s draw a border around the included elements to indicate that these elements belong together.&lt;br/>
        The groupcontainer itself is useless and must be used in conjunction with another container that is nested in the group container,&lt;br/>
        else the group container behaves as an absolute container.

        "
        font="Helvetica,12,-1,0,50,0,0,0,0,0" >
      </text>

      <gridcontainer columns="2" font="Helvetica,12,-1,0,50,0,0,0,0,0">
        <absolutecontainer>
          <checkbox label="Checkbox1" define="UI.CHECKBOX1" pos="0;0" font="Helvetica,12,-1,0,50,0,0,0,0,0"/>
          <checkbox label="Checkbox2" define="UI.CHECKBOX2" pos="10;20" font="Helvetica,12,-1,0,50,0,0,0,0,0"/>
          <checkbox label="Checkbox3" define="UI.CHECKBOX3" pos="20;40" font="Helvetica,12,-1,0,50,0,0,0,0,0"/>
          <text label="Three checkboxes within an absolutecontainer." pos="180;20"/>
        </absolutecontainer>
        <verticalcontainer>
          <text label="&lt;u>&lt;b>Syntax:&lt;/b>&lt;/u>"/>
          <text label="&lt;absolutecontainer/>"/>
          <text label="&#160;&#160;&lt;checkbox label=&quot;Checkbox1&quot; define=&quot;UI.CHECKBOX1&quot; pos=&quot;0;0&quot; />"/>
          <text label="&#160;&#160;..."/>
          <text label="&lt;/absolutecontainer>"/>
          <text label="&lt;i>pos&lt;/i> the absolute position of the UI element within the absolutecontainer."/>
        </verticalcontainer>
      </gridcontainer>
      
      <horizontalline size="-1;7"/>

      <gridcontainer columns="2" font="Helvetica,12,-1,0,50,0,0,0,0,0">
        <groupcontainer label="This is a groupcontainer">
          <verticalcontainer>
            <checkbox label="Checkbox4" define="UI.CHECKBOX4" font="Helvetica,12,-1,0,50,0,0,0,0,0"/>
            <checkbox label="Checkbox5" define="UI.CHECKBOX5" font="Helvetica,12,-1,0,50,0,0,0,0,0"/>
            <checkbox label="Checkbox6" define="UI.CHECKBOX6" font="Helvetica,12,-1,0,50,0,0,0,0,0"/>
            <text label="Three checkboxes within a verticalcontainer within a groupcontainer."/>
          </verticalcontainer>
        </groupcontainer>
        <verticalcontainer>
          <text label="&lt;u>&lt;b>Syntax:&lt;/b>&lt;/u>"/>
          <text label="&lt;groupcontainer label=&quot;This is a groupcontainer&quot;/>"/>
          <text label="&#160;&#160;&lt;verticalcontainer/>"/>
          <text label="&#160;&#160;&#160;&#160;&lt;checkbox label=&quot;Checkbox1&quot; define=&quot;UI.CHECKBOX1&quot;/>"/>
          <text label="&#160;&#160;&#160;&#160;..."/>
          <text label="&#160;&#160;&lt;/verticalcontainer>"/>
          <text label="&lt;/groupcontainer/>"/>
          <text label="&lt;i>label&lt;/i> optional text on frame of the groupcontainer."/>
        </verticalcontainer>
      </gridcontainer>

      <text/>
      
        <horizontalcontainer size="-1;100">
          <text/>
          <groupcontainer size="244;80" color="192;192;192">
            <verticalcontainer>
              <button label="Next" size="200;40" font="Helvetica,12,-1,0,50,0,0,0,0,0" color="90;200;90">
                <action event="clicked" cmd="loadFile" data="Containers3.xml"/>
              </button>
            </verticalcontainer>
          </groupcontainer>
        </horizontalcontainer>
    </verticalcontainer>
  </horizontalcontainer>
</ifxmlcfg>
