<?xml version="1.0" encoding="UTF-8"?>
<ifxmlcfg version="1.0">
	<checksum>6c8d8764f1fb20b1448d41d0dde9a05faef47d6b50d438406b2fb8ca3d700082</checksum>

  <horizontalcontainer>
    <verticalcontainer>
      <horizontalcontainer size="-1;100">
        
        <groupcontainer size="-1;80" color="192;192;192">
          <verticalcontainer>
            <text label="Containers (4)" font="Helvetica,12,-1,0,70,0,0,0,0,0"/>
          </verticalcontainer>
        </groupcontainer>
        <text/>
        <groupcontainer size="244;80" color="192;192;192">
          <verticalcontainer>
            <button label="Table of Contents" size="200;40" font="Helvetica,12,-1,0,50,0,0,0,0,0" color="128;255;255">
              <action event="clicked" cmd="loadFile" data="Start.xml"/>
            </button>
          </verticalcontainer>
        </groupcontainer>
      </horizontalcontainer>
      
      <text
        label="&lt;i>tabcontainer&lt;/i>s create tabs using sub-containers. The tab names correspond to the sub-containers &lt;i>label&lt;/i> attributes.&lt;br/>
        "
        font="Helvetica,12,-1,0,50,0,0,0,0,0" >
      </text>

      <gridcontainer columns="2" font="Helvetica,12,-1,0,50,0,0,0,0,0">
        <verticalcontainer>
          <tabcontainer size="600;-1">
            <verticalcontainer label="Tab Nr. 1">
              <checkbox label="Checkbox1" define="UI.CHECKBOX1" font="Helvetica,12,-1,0,50,0,0,0,0,0"/>
              <checkbox label="Checkbox2" define="UI.CHECKBOX2" font="Helvetica,12,-1,0,50,0,0,0,0,0"/>
              <spinbox define="UI.SPINBOX1" size="100;-1" range="0;100" default="50" font="Helvetica,12,-1,0,50,0,0,0,0,0"/>
            </verticalcontainer>
            <verticalcontainer label="Tab Nr. 2">
              <radio define="UI.RADIO1">
                <radiobutton label="High Imped." value="0"/>
                <radiobutton label="HS1/LS2 on " value="6"/>
                <radiobutton label="LS1/HS2 on " value="9"/>
                <radiobutton label="Break Low  " value="5"/>
                <radiobutton label="Break High " value="10"/>
              </radio>
              <edit define="UI.EDIT" size="200;-1" default="call_back" font="Helvetica,12,-1,0,50,0,0,0,0,0"/>
              <combo label="fSYS" define="UI.COMBO" svd="0" default="24000000" size="200;-1">
                <item label="40 MHz" value="40000000"   />
                <item label="33.3 MHz" value="33333333" />
                <item label="24 MHz" value="24000000"   />
                <item label="20 MHz" value="20000000"   />
                <item label="12 MHz" value="12000000"   />
                <item label="10 MHz" value="10000000"   />
              </combo>
            </verticalcontainer>
          </tabcontainer>
          <text label="Some UI elements within two pages of a verticalcontainer."/>
        </verticalcontainer>
        <verticalcontainer>
          <text label="&lt;u>&lt;b>Syntax:&lt;/b>&lt;/u>"/>
          <text label="&lt;tabcontainer/>"/>
          <text label="&#160;&#160;&lt;verticalcontainer label=&quot;Tab Nr. 1&quot;>"/>
          <text label="&#160;&#160;&#160;&#160;&lt;checkbox label=&quot;Checkbox1&quot; define=&quot;UI.CHECKBOX1&quot;/>"/>
          <text label="&#160;&#160;&#160;&#160;&lt;checkbox label=&quot;Checkbox2&quot; define=&quot;UI.CHECKBOX2&quot;/>"/>
          <text label="&#160;&#160;&#160;&#160;&lt;spinbox define=&quot;UI.SPINBOX1&quot; size=&quot;100;-1&quot; range=&quot;0;100&quot; default=&quot;50&quot;/>"/>
          <text label="&#160;&#160;&lt;/verticalcontainer>"/>
          <text label="&#160;&#160;&lt;verticalcontainer label=&quot;Tab Nr. 2&quot;>"/>
          <text label="&#160;&#160;&#160;&#160;&lt;radio define=&quot;UI.RADIO1&quot;>"/>
          <text label="&#160;&#160;&#160;&#160;&#160;&#160;&lt;radiobutton label=&quot;High Imped.&quot; value=&quot;0&quot;/>"/>
          <text label="&#160;&#160;&#160;&#160;..."/>
          <text label="&#160;&#160;..."/>
          <text label="&lt;/tabcontainer>"/>
        </verticalcontainer>
      </gridcontainer>
      
      <horizontalline size="-1;7"/>

      <gridcontainer columns="2" font="Helvetica,12,-1,0,50,0,0,0,0,0">
        <verticalcontainer>
          <tabcontainer size="600;-1">
            <verticalcontainer label="Tab Nr. 1">
              <horizontalcontainer>
                <checkbox label="Checkbox1" define="UI.CHECKBOX3" font="Helvetica,12,-1,0,50,0,0,0,0,0"/>
                <checkbox label="Checkbox2" define="UI.CHECKBOX4" font="Helvetica,12,-1,0,50,0,0,0,0,0"/>
              </horizontalcontainer>
              <spinbox define="UI.SPINBOX2" size="100;-1" range="0;100" default="50" font="Helvetica,12,-1,0,50,0,0,0,0,0"/>
            </verticalcontainer>
            <verticalcontainer label="Tab Nr. 2">
              <horizontalcontainer>
                <radio define="UI.RADIO2">
                  <radiobutton label="High Imped." value="0"/>
                  <radiobutton label="HS1/LS2 on " value="6"/>
                  <radiobutton label="LS1/HS2 on " value="9"/>
                  <radiobutton label="Break Low  " value="5"/>
                  <radiobutton label="Break High " value="10"/>
                </radio>
              </horizontalcontainer>
              <horizontalcontainer>
                <edit define="UI.EDIT2" size="200;-1" default="call_back" font="Helvetica,12,-1,0,50,0,0,0,0,0"/>
                <combo label="fSYS" define="UI.COMBO2" svd="0" default="24000000" size="200;-1">
                  <item label="40 MHz" value="40000000"   />
                  <item label="33.3 MHz" value="33333333" />
                  <item label="24 MHz" value="24000000"   />
                  <item label="20 MHz" value="20000000"   />
                  <item label="12 MHz" value="12000000"   />
                  <item label="10 MHz" value="10000000"   />
                </combo>
              </horizontalcontainer>
            </verticalcontainer>
          </tabcontainer>
          <text label="horizontalcontainers used within the pages of the tabcontainer."/>
        </verticalcontainer>
        <verticalcontainer>
          <text label="&lt;u>&lt;b>Syntax:&lt;/b>&lt;/u>"/>
          <text label="&lt;tabcontainer/>"/>
          <text label="&#160;&#160;&lt;verticalcontainer label=&quot;Tab Nr. 1&quot;>"/>
          <text label="&#160;&#160;&#160;&#160;&lt;horizontalcontainer>"/>
          <text label="&#160;&#160;&#160;&#160;&#160;&#160;&lt;checkbox label=&quot;Checkbox1&quot; define=&quot;UI.CHECKBOX1&quot;/>"/>
          <text label="&#160;&#160;&#160;&#160;&#160;&#160;&lt;checkbox label=&quot;Checkbox2&quot; define=&quot;UI.CHECKBOX2&quot;/>"/>
          <text label="&#160;&#160;&#160;&#160;&lt;/horizontalcontainer>"/>
          <text label="&#160;&#160;&#160;&#160;&lt;spinbox define=&quot;UI.SPINBOX1&quot; size=&quot;100;-1&quot; range=&quot;0;100&quot; default=&quot;50&quot;/>"/>
          <text label="&#160;&#160;&lt;/verticalcontainer>"/>
          <text label="&#160;&#160;&lt;verticalcontainer label=&quot;Tab Nr. 2&quot;>"/>
          <text label="&#160;&#160;&#160;&#160;&lt;horizontalcontainer>"/>
          <text label="&#160;&#160;&#160;&#160;&#160;&#160;&lt;radio define=&quot;UI.RADIO1&quot;>"/>
          <text label="&#160;&#160;&#160;&#160;&#160;&#160;&#160;&#160;&lt;radiobutton label=&quot;High Imped.&quot; value=&quot;0&quot;/>"/>
          <text label="&#160;&#160;&#160;&#160;&#160;&#160;..."/>
          <text label="&#160;&#160;..."/>
          <text label="&lt;/tabcontainer>"/>
        </verticalcontainer>
      </gridcontainer>
      
      <text/>
      
        <horizontalcontainer size="-1;100">
          <text/>
          <groupcontainer size="244;80" color="192;192;192">
            <verticalcontainer>
              <button label="Next" size="200;40" font="Helvetica,12,-1,0,50,0,0,0,0,0" color="90;200;90">
                <action event="clicked" cmd="loadFile" data="Attributes1.xml"/>
              </button>
            </verticalcontainer>
          </groupcontainer>
        </horizontalcontainer>
    </verticalcontainer>
  </horizontalcontainer>
</ifxmlcfg>
