<?xml version="1.0" encoding="UTF-8"?>
<ifxmlcfg version="1.0">
	<checksum>489f97eb5d524a22179a774b96c52e34679abcef44df897fd0a8cd0cc8588270</checksum>

  <horizontalcontainer>
    <verticalcontainer>
      <horizontalcontainer size="-1;100">
        
        <groupcontainer size="-1;80" color="192;192;192">
          <verticalcontainer>
            <text label="Locks (2)" font="Helvetica,12,-1,0,70,0,0,0,0,0"/>
          </verticalcontainer>
        </groupcontainer>
        <text/>
        <groupcontainer size="244;80" color="192;192;192">
          <verticalcontainer>
            <button label="Table of Contents" size="200;40" font="Helvetica,12,-1,0,50,0,0,0,0,0" color="128;255;255">
              <action event="clicked" cmd="loadFile" data="Start.xml"/>
            </button>
          </verticalcontainer>
        </groupcontainer>
      </horizontalcontainer>
      
      <text
        label="A similiar functionality to locks can be reached with the &lt;i>branch&lt;/i>es in the &lt;i>treecontainer&lt;/i>. This branch&lt;br/>
        elements (possible for radiobuttons and checkboxes only) also disable their children if not selected&lt;br/>
        and set them back to their default values.
        "
        font="Helvetica,12,-1,0,50,0,0,0,0,0" >
      </text>

      <gridcontainer columns="2" font="Helvetica,12,-1,0,50,0,0,0,0,0">
        <verticalcontainer>
        <treecontainer headerlabels="Structure;Settings;" columnwidths="220;200" size="550;300">
          <checkbox label="Override Internal Oscillator Frequency" define="SCU.INT_OSC_OVERRIDE_EN" svd="0" uielement="branch">
            <doublespinbox label="Int. fOSC" define="SCU.INT_OSC" svd="0" default="5.0" suffix=" MHz" step="0.1"/>
          </checkbox>
          <radio define="SCU.AUTO_FSYS_SEL" svd="0">
            <radiobutton label="Automatic Clock Configuration" lockon="SCU.XTAL_EN=0" uielement="branch">
              <combo label="fSYS" define="SCU.AUTO_FSYS[31:0]" svd="0" default="24000000">
                <item label="40 MHz" value="40000000" lockon="SCU.CMCON1.K2DIV.label=2;SCU.APCLK1.APCLK1FAC.label=fSYS / 2;SCU.APCLK2.APCLK2FAC=19;SCU.CMCON1.VCOSEL.label=48-112MHz"/>
                <item label="33.3 MHz" value="33333333" lockon="SCU.CMCON1.K2DIV.label=3;SCU.APCLK1.APCLK1FAC.label=fSYS / 2;SCU.APCLK2.APCLK2FAC=15;SCU.CMCON1.VCOSEL.label=48-112MHz"/>
                <item label="24 MHz" value="24000000" lockon="SCU.CMCON1.K2DIV.label=5;SCU.APCLK1.APCLK1FAC.label=fSYS;SCU.APCLK2.APCLK2FAC=11;SCU.CMCON1.VCOSEL.label=96-160MHz"/>
                <item label="20 MHz" value="20000000" lockon="SCU.CMCON1.K2DIV.label=4;SCU.APCLK1.APCLK1FAC.label=fSYS;SCU.APCLK2.APCLK2FAC=9;SCU.CMCON1.VCOSEL.label=48-112MHz"/>
                <item label="12 MHz" value="12000000" lockon="SCU.CMCON1.K2DIV.label=5;SCU.APCLK1.APCLK1FAC.label=fSYS;SCU.APCLK2.APCLK2FAC=5;SCU.CMCON1.VCOSEL.label=48-112MHz"/>
                <item label="10 MHz" value="10000000" lockon="SCU.CMCON1.K2DIV.label=4;SCU.APCLK1.APCLK1FAC.label=fSYS;SCU.APCLK2.APCLK2FAC=4;SCU.CMCON1.VCOSEL.label=48-112MHz"/>
              </combo>
            </radiobutton>
            <radiobutton label="Manual Clock Configuration" uielement="branch">
              <checkbox define="SCU.XTAL_EN" svd="0" label="Enable external XTAL" uielement="branch">
                <doublespinbox define="SCU.XTAL_FREQ" svd="0" label="XTAL Frequency" default="5.0" suffix=" MHz" range="5;25"/>
              </checkbox>
              <branch label="PLL Setting">
                <combo label="N-Multiplier" define="SCU.PLL_CON.NDIV" default="label=12">
                  <item label="8"/>
                  <item label="9"/>
                  <item label="10"/>
                  <item label="12"/>
                </combo>
                <combo label="K2-Divider" define="SCU.CMCON1.K2DIV" default="label=2">
                  <item label="2"/>
                  <item label="3"/>
                  <item label="4"/>
                  <item label="5"/>
                </combo>
                <combo label="VCO Range" define="SCU.CMCON1.VCOSEL">
                  <item label="48-112MHz"/>
                  <item label="96-160MHz"/>
                </combo>
                <math label="fSYS" define="SCU.FSYS" svd="0" unit="Hz" format="%g" formula="(SCU.XTAL_EN&lt;1?(SCU.INT_OSC_OVERRIDE_EN?SCU.INT_OSC:5)*1000000:SCU.XTAL_FREQ*1000000)*SCU.PLL_CON.NDIV.label/SCU.CMCON1.K2DIV.label"/>
              </branch>
              <branch label="Analog Clock Configuration">
                <combo label="MI_CLK (~20MHz)" define="SCU.APCLK1.APCLK1FAC">
                  <item label="fSYS"/>
                  <item label="fSYS / 2"/>
                  <item label="fSYS / 3"/>
                  <item label="fSYS / 4"/>
                </combo>
                <!--<math label="MI_CLK (should be ~20MHz)" unit="MHz" define="SCU.APCLK_MI_CLK" svd="0" formula="SCU.PLL_fPLL/(SCU.APCLK1.APCLK1FAC+1)" format="%g"/>-->
                <spinbox label="Filter Clock Divider" range="0;31" define="SCU.APCLK2.APCLK2FAC" default="9"/>
                <!--<math label="Filter Clock (~2MHz)" unit="MHz" define="SCU.APCLK_FILT_CLK" svd="0" formula="SCU.PLL_fPLL/(SCU.APCLK2.APCLK2FAC+1)" format="%g"/>-->
              </branch>
            </radiobutton>
          </radio>
        </treecontainer>
        <text label="This is a complex treecontainer with branches." font="Helvetica,12,-1,0,50,0,0,0,0,0"/>
          <text/>
          </verticalcontainer>
        <verticalcontainer>
          <text label="&lt;u>&lt;b>Syntax:&lt;/b>&lt;/u>"/>
          <text label="&lt;treecontainer headerlabels=&quot;Parameter;Settings;&quot; columnwidths=&quot;110;320&quot;/>"/>
          <text label="&#160;&#160;&lt;checkbox label=&quot;Override Internal Oscillator Frequency&quot; define=&quot;SCU.INT_OSC_OVERRIDE_EN&quot; svd=&quot;0&quot; uielement=&quot;branch&quot;>"/>
          <text label="&#160;&#160;&#160;&#160;&lt;doublespinbox label=&quot;Int. fOSC&quot; define=&quot;SCU.INT_OSC&quot; svd=&quot;0&quot; default=&quot;5.0&quot; suffix=&quot; MHz&quot; step=&quot;0.1&quot;/>"/>
          <text label="&#160;&#160;&lt;/checkbox>"/>
          <text label="&#160;&#160;&lt;radio define=&quot;SCU.AUTO_FSYS_SEL&quot; svd=&quot;0&quot;>"/>

          <text label="&#160;&#160;&#160;&#160;&lt;radiobutton label=&quot;Automatic Clock Configuration&quot; lockon=&quot;SCU.XTAL_EN=0&quot; uielement=&quot;branch&quot;>"/>
          <text label="&#160;&#160;&#160;&#160;&#160;&#160;&lt;combo label=&quot;fSYS&quot; define=&quot;SCU.AUTO_FSYS[31:0]&quot; svd=&quot;0&quot; default=&quot;24000000&quot;>"/>
          <text label="&#160;&#160;&#160;&#160;&#160;&#160;&#160;&#160;&lt;item label=&quot;40 MHz&quot; value=&quot;40000000&quot;/>"/>

          <text label="&#160;&#160;&#160;&#160;..."/>
          <text label="&#160;&#160;..."/>
          <text label="&lt;/treecontainer>"/>
          <text label="&lt;i>pos&lt;/i> the absolute position of the UI element within the absolutecontainer."/>
          <text/>
        </verticalcontainer>
      </gridcontainer>

      <text/>
      
        <horizontalcontainer size="-1;100">
          <text/>
          <groupcontainer size="244;80" color="192;192;192">
            <verticalcontainer>
              <button label="Next" size="200;40" font="Helvetica,12,-1,0,50,0,0,0,0,0" color="90;200;90">
                <action event="clicked" cmd="loadFile" data="SVD1.xml"/>
              </button>
            </verticalcontainer>
          </groupcontainer>
        </horizontalcontainer>
    </verticalcontainer>
  </horizontalcontainer>
</ifxmlcfg>
