<?xml version="1.0" encoding="UTF-8"?>
<ifxmlcfg version="1.0">
	<checksum>595bce5253ef49113179beae60e54bff643cc62ba2226027168e4313c8ec3a4d</checksum>

  <horizontalcontainer>
    <verticalcontainer>
      <horizontalcontainer size="-1;100">
        
        <groupcontainer size="-1;80" color="192;192;192">
          <verticalcontainer>
            <text label="Locks (1)" font="Helvetica,12,-1,0,70,0,0,0,0,0"/>
          </verticalcontainer>
        </groupcontainer>
        <text/>
        <groupcontainer size="244;80" color="192;192;192">
          <verticalcontainer>
            <button label="Table of Contents" size="200;40" font="Helvetica,12,-1,0,50,0,0,0,0,0" color="128;255;255">
              <action event="clicked" cmd="loadFile" data="Start.xml"/>
            </button>
          </verticalcontainer>
        </groupcontainer>
      </horizontalcontainer>
      
      <text
        label="Often an option selected excludes another (as in real life). The attribute &lt;i>lockon&lt;/i> is used to model this fact.&lt;br/>
        A typical application for this would be a device that can use an internal OR an external timer, or a pin that can be &lt;br/>
        mutally exclusive used by two controller functions, e.g. a pin that can either be a timer output or a UART Tx.&lt;br/>
        The &lt;i>lockon&lt;/i> mechanism not only disables another UI element but also freezes it to a certain value.&lt;br/>
        The sender of a lock can be a &lt;i>togglebutton&lt;/i>, &lt;i>radiobutton&lt;/i>, &lt;i>combobox&lt;/i> and &lt;i>checkbox&lt;/i>, the receiver can be every UI element.
        "
        font="Helvetica,12,-1,0,50,0,0,0,0,0" >
      </text>

      <gridcontainer columns="2" font="Helvetica,12,-1,0,50,0,0,0,0,0">
        <verticalcontainer>
          <radio define="RADIO1" default="label=RADIO1.button2 (default)">
            <radiobutton label="RADIO1.button1"/>
            <radiobutton label="RADIO1.button2 (default)" lockon="RADIO2=1"/>
          </radio>
          <text/>
          <radio define="RADIO2" default="label=RADIO2.button3 (default)">
            <radiobutton label="RADIO2.button1"/>
            <radiobutton label="RADIO2.button2"/>
            <radiobutton label="RADIO2.button3 (default)"/>
          </radio>
          <text label="This example consists of two radio groups.&lt;br/>
                       When the first is set to the second button, it locks&lt;br/>
                       the second group to their second button too.
                " font="Helvetica,12,-1,0,50,0,0,0,0,0"/>
          <text/>
        </verticalcontainer>
        <verticalcontainer>
          <text label="&lt;u>&lt;b>Syntax:&lt;/b>&lt;/u>"/>

          <text label="&lt;radio define=&quot;RADIO1&quot; default=&quot;label=RADIO1.button2 (default)&quot;>"/>
          <text label="  &lt;radiobutton label=&quot;RADIO1.button1&quot;/>"/>
          <text label="  &lt;radiobutton label=&quot;RADIO1.button2 (default)&quot; lockon=&quot;RADIO2=1&quot;/>"/>
          <text label="&lt;/radio>"/>
          <text label="&lt;text/>"/>
          <text label="&lt;radio define=&quot;RADIO2&quot; default=&quot;label=RADIO2.button3 (default)&quot;>"/>
          <text label="  &lt;radiobutton label=&quot;RADIO2.button1&quot;/>"/>
          <text label="  &lt;radiobutton label=&quot;RADIO2.button2&quot;/>"/>
          <text label="  &lt;radiobutton label=&quot;RADIO2.button3 (default)&quot;/>"/>
          <text label="&lt;/radio>"/>
          
          <text label="&lt;i>default&lt;/i> the default string can not only set the UI element to a certain index but also to an existing label"/>
          <text label="&lt;i>lockon&lt;/i> locks another element to an index"/>
        </verticalcontainer>
      </gridcontainer>
      

      <horizontalline size="-1;7"/>

      <gridcontainer columns="2" font="Helvetica,12,-1,0,50,0,0,0,0,0">
        <verticalcontainer headerlabels="Structure;Settings;" columnwidths="300;400">
          <radio define="RADIO4" default="1">
            <radiobutton label="RADIO4.button1"/>
            <radiobutton label="RADIO4.button2 locks RADIO6.button2 (default)" lockon="RADIO6=1"/>
          </radio>
          <text/>
          <radio define="RADIO5" default="2">
            <radiobutton label="RADIO5.button1"/>
            <radiobutton label="RADIO5.button2"/>
            <radiobutton label="RADIO5.button3 (default)"/>
          </radio>
          <text/>
          <radio define="RADIO6" default="2">
            <radiobutton label="RADIO6.button1"/>
            <radiobutton label="RADIO6.button2 locks RADIO5.button2" lockon="RADIO5=1"/>
            <radiobutton label="RADIO6.button3 (default)"/>
          </radio>
          <text label="This example consists of three radio groups that mutually lock each other.
                " font="Helvetica,12,-1,0,50,0,0,0,0,0"/>
          <text/>
        </verticalcontainer>
        <verticalcontainer>
          <text label="&lt;u>&lt;b>Syntax:&lt;/b>&lt;/u>"/>

          <text label="&lt;radio define=&quot;RADIO4&quot; default=&quot;1&quot;>"/>
          <text label="  &lt;radiobutton label=&quot;RADIO4.button1&quot;/>"/>
          <text label="  &lt;radiobutton label=&quot;RADIO4.button2 locks RADIO6.button2 (default)&quot; lockon=&quot;RADIO6=1&quot;/>"/>
          <text label="&lt;/radio>"/>
          <text label="&lt;radio define=&quot;RADIO5&quot; default=&quot;2&quot;>"/>
          <text label="  &lt;radiobutton label=&quot;RADIO5.button1&quot;/>"/>
          <text label="  &lt;radiobutton label=&quot;RADIO5.button2&quot;/>"/>
          <text label="  &lt;radiobutton label=&quot;RADIO5.button3 (default)&quot;/>"/>
          <text label="&lt;/radio>"/>
          <text label="&lt;radio define=&quot;RADIO6&quot; default=&quot;2&quot;>"/>
          <text label="  &lt;radiobutton label=&quot;RADIO6.button1&quot;/>"/>
          <text label="  &lt;radiobutton label=&quot;RADIO6.button2 locks RADIO5.button2&quot; lockon=&quot;RADIO5=1&quot;/>"/>
          <text label="  &lt;radiobutton label=&quot;RADIO6.button3 (default)&quot;/>"/>
          <text label="&lt;/radio>"/>
        </verticalcontainer>
      </gridcontainer>

      <text/>
      
        <horizontalcontainer size="-1;100">
          <text/>
          <groupcontainer size="244;80" color="192;192;192">
            <verticalcontainer>
              <button label="Next" size="200;40" font="Helvetica,12,-1,0,50,0,0,0,0,0" color="90;200;90">
                <action event="clicked" cmd="loadFile" data="Locks2.xml"/>
              </button>
            </verticalcontainer>
          </groupcontainer>
        </horizontalcontainer>
    </verticalcontainer>
  </horizontalcontainer>
</ifxmlcfg>
