<?xml version="1.0" encoding="UTF-8"?>
<ifxmlcfg version="1.0">
	<checksum>89dc0909621087df071ed567833fad3724aacb214cd11cd2865e8cbf5e779002</checksum>

  <horizontalcontainer>
    <verticalcontainer>
      <horizontalcontainer size="-1;100">
        
        <groupcontainer size="-1;80" color="192;192;192">
          <verticalcontainer>
            <text label="Overview of the Config Wizard Script XML" font="Helvetica,12,-1,0,70,0,0,0,0,0"/>
          </verticalcontainer>
        </groupcontainer>
        <text/>
        <groupcontainer size="244;80" color="192;192;192">
          <verticalcontainer>
            <button label="Table of Contents" size="200;40" font="Helvetica,12,-1,0,50,0,0,0,0,0" color="128;255;255">
              <action event="clicked" cmd="loadFile" data="Start.xml"/>
            </button>
          </verticalcontainer>
        </groupcontainer>
      </horizontalcontainer>
      
        <text
          label="The design of a user interface for Config Wizard is done via an XML file, whose elements and structure is shown in this manual.&lt;br/>
          The two main elements are &lt;u>UI elements&lt;/u> and &lt;u>containers&lt;/u>.
          &lt;ul>
            &lt;li>UI elements are the things you can see on the screen: buttons, edits, comboboxes, LEDs, spinboxes just to mention a few.&lt;/li>
            &lt;li>Containers group these elements, e.g. horizontally, vertically, in a tree, tab or a grid.&lt;/li>
          &lt;/ul>
          Both the elements and the containers can have attributes to control their appearance like
          &lt;ul>
            &lt;li>size and position&lt;/li>
            &lt;li>color and background image&lt;/li>
            &lt;li>font&lt;/li>
            &lt;li>default value on startup (UI elements only)&lt;/li>
            &lt;li>header file to export its value to (UI elements only)&lt;/li>
            &lt;li>disabling of other elements (UI elements only)&lt;/li>
          &lt;/ul>
          The UI elements also can have sub elements, that are responsible for
          &lt;ul>
            &lt;li>content (in the case of a combox box)&lt;/li>
            &lt;li>sub elements (radio buttons of a button group)&lt;/li>
            &lt;li>actions to be performed when the user interacts with the UI elements&lt;/li>
          &lt;/ul>
          "
          font="Helvetica,12,-1,0,50,0,0,0,0,0" >
        </text>
        <horizontalcontainer size="-1;100">
          <text/>
          <groupcontainer size="244;80" color="192;192;192">
            <verticalcontainer>
              <button label="Next" size="200;40" font="Helvetica,12,-1,0,50,0,0,0,0,0" color="90;200;90">
                <action event="clicked" cmd="loadFile" data="BasicUIElements.xml"/>
              </button>
            </verticalcontainer>
          </groupcontainer>
        </horizontalcontainer>
    </verticalcontainer>
  </horizontalcontainer>
</ifxmlcfg>
