<?xml version="1.0" encoding="UTF-8"?>
<ifxmlcfg version="1.0">
	<checksum>8c93db1b6d1871b0e4c85bab79994423107cd7732c94432da554f9c9afe1fdfd</checksum>

  <horizontalcontainer>
    <verticalcontainer>
      <horizontalcontainer size="-1;100">
        
        <groupcontainer size="-1;80" color="192;192;192">
          <verticalcontainer>
            <text label="Register View (1)" font="Helvetica,12,-1,0,70,0,0,0,0,0"/>
          </verticalcontainer>
        </groupcontainer>
        <text/>
        <groupcontainer size="244;80" color="192;192;192">
          <verticalcontainer>
            <button label="Table of Contents" size="200;40" font="Helvetica,12,-1,0,50,0,0,0,0,0" color="128;255;255">
              <action event="clicked" cmd="loadFile" data="Start.xml"/>
            </button>
          </verticalcontainer>
        </groupcontainer>
      </horizontalcontainer>
      
      <text
        label="The possibility to communicate with a microchip directly via uIO makes it useful to not only send&lt;br/>
               one command connected e.g. to a button via its &lt;i>sendUSB&lt;/i> cmd, but to send a whole sequence&lt;br/>
               of commands, e.g. to bring the chip into a certain state, query different status/error/... registers, or...&lt;br/>
               Therefore specialiced UI elements have been added, &lt;i>regview&lt;/i> and &lt;i>table&lt;/i>. In regview a register&lt;br/>
               of the used chip can be selected and edited one after each other and copied into table.&lt;br/>
               The table also can be edited (lines can be moved up and down, deleted, register values can be&lt;br/> 
               changed,…) and finally the resulting &quot;code&quot; can be sent to uIO or exported as a 'C' source file.&lt;br/>
               &lt;i>regview&lt;/i> and &lt;i>table&lt;/i> together with register-view specific functionality of combobox can only used&lt;br/>
               together in a reasonable way. So instead of describing each element in detail an overview of&lt;br/>
               bringing all together is given. The details can be found in Config Wizard Script XML help.
        "
        font="Helvetica,12,-1,0,50,0,0,0,0,0" >
      </text>
      <verticalcontainer>
        <verticalcontainer>
        <svd file="TLE94x1.svd"/>
          <groupcontainer label="1. Register Selection" size ="900;-1">
            <verticalcontainer>
              <horizontalcontainer>
                <text label="Register Domain Selection:"/>
                <combo define="$PERIPHERALS$" svd="0" setDef="REGISTER_COMBO.register=$PERIPHERALS$" default="label=CTRL"/>
                <text label="Register Selection:"/>
                <combo define="REGISTER_COMBO" svd="0" setDef="REGVIEW1.module=REGISTER_COMBO.module;REGVIEW1.register=REGISTER_COMBO" default="register=$PERIPHERALS$"/>
                <verticalcontainer>
                  <radio define="REGISTER.READ_WRITE_CLEAR_SEL" svd="0" default="1">
                    <radiobutton label="Read" setDef="TABLE.func=0"/>
                    <radiobutton label="Write/Clear" setDef="TABLE.func=1"/>
                  </radio>
                </verticalcontainer>
              </horizontalcontainer>
              <registerview label="regview" bits="8" numrows="2" define="REGVIEW1" svd="0" sizepolicy="preferred;preferred"/>
            </verticalcontainer>
          </groupcontainer>
        </verticalcontainer>
          <text label="Two comboboxes are set up. The first one is auto-filled with all peripherals (sub modules) of the controller. This can be achieved by&lt;br/>
                       using the reserved word &lt;i>$PERIPHERALS$&lt;/i> for the &lt;i>define&lt;/i>.&lt;br/>
                       When the user selects the desired peripheral, the second combo shows all registers within this peripheral. This behaviour is generated&lt;br/>
                       by specialiced &lt;i>setDef&lt;/i>s of the first combobox.&lt;br/>
                       When in turn a register is selected in the second combo, the so called &quot;Register View&quot; shows this register divided in its fields.&lt;br/>
                       The fields of the register now can be configured by the user.
          " font="Helvetica,12,-1,0,50,0,0,0,0,0"/>
          <text/>
          </verticalcontainer>

      <text/>
      
        <horizontalcontainer size="-1;100">
          <text/>
          <groupcontainer size="244;80" color="192;192;192">
            <verticalcontainer>
              <button label="Next" size="200;40" font="Helvetica,12,-1,0,50,0,0,0,0,0" color="90;200;90">
                <action event="clicked" cmd="loadFile" data="RegView2.xml"/>
              </button>
            </verticalcontainer>
          </groupcontainer>
        </horizontalcontainer>
    </verticalcontainer>
  </horizontalcontainer>
</ifxmlcfg>
