<?xml version="1.0" encoding="UTF-8"?>
<ifxmlcfg version="1.0">
	<checksum>e98bd04ceef1bce7c2b788eb095e668d27c30a7f6482ea8f0d72be77318b55d4</checksum>

  <horizontalcontainer>
    <verticalcontainer>
      <horizontalcontainer size="-1;100">
        
        <groupcontainer size="-1;80" color="192;192;192">
          <verticalcontainer>
            <text label="Register View (2)" font="Helvetica,12,-1,0,70,0,0,0,0,0"/>
          </verticalcontainer>
        </groupcontainer>
        <text/>
        <groupcontainer size="244;80" color="192;192;192">
          <verticalcontainer>
            <button label="Table of Contents" size="200;40" font="Helvetica,12,-1,0,50,0,0,0,0,0" color="128;255;255">
              <action event="clicked" cmd="loadFile" data="Start.xml"/>
            </button>
          </verticalcontainer>
        </groupcontainer>
      </horizontalcontainer>
      
      <text
        label="Configuring a register alone makes not much sense, it must be selected in a &lt;i>table&lt;/i>, where, together&lt;br/>
               with other register configurations it forms a sort of &quot;program&quot; that can be sent to the controller.&lt;br/>
        "
        font="Helvetica,12,-1,0,50,0,0,0,0,0" >
      </text>
      <verticalcontainer>
        <verticalcontainer>
        <svd file="TLE94x1.svd"/>
          <groupcontainer label="1. Register Selection" size ="900;-1">
            <verticalcontainer>
              <horizontalcontainer>
                <text label="Register Domain Selection:"/>
                <combo define="$PERIPHERALS$" svd="0" setDef="REGISTER_COMBO.register=$PERIPHERALS$" default="label=CTRL"/>
                <text label="Register Selection:"/>
                <combo define="REGISTER_COMBO" svd="0" setDef="REGVIEW1.module=REGISTER_COMBO.module;REGVIEW1.register=REGISTER_COMBO" default="register=$PERIPHERALS$"/>
                <verticalcontainer>
                  <radio define="REGISTER.READ_WRITE_CLEAR_SEL" svd="0" default="1">
                    <radiobutton label="Read" setDef="TABLE.func=0"/>
                    <radiobutton label="Write/Clear" setDef="TABLE.func=1"/>
                  </radio>
                </verticalcontainer>
              </horizontalcontainer>
              <registerview label="regview" bits="8" numrows="2" define="REGVIEW1" svd="0" sizepolicy="preferred;preferred"/>
            </verticalcontainer>
          </groupcontainer>
          <groupcontainer label="2. Register Compilation" size ="900;-1">
            <verticalcontainer>
              <gridcontainer columns="3">
                <verticalcontainer>
                  <button label="--&gt;" define="UI.COPY_TO_LIST" svd="0">
                    <action event="clicked" cmd="setDef" data="TABLE.value=REGVIEW1.value"/>
                    <action event="clicked" cmd="setDef" data="TABLE.address=REGVIEW1.address"/>
                    <action event="clicked" cmd="setDef" data="TABLE.registername=REGVIEW1.registername"/>
                  </button>
                  <button label="&lt;--" define="UI.COPY_FROM_LIST" svd="0">
                    <action event="clicked" cmd="setDef" data="$PERIPHERALS$.label=TABLE.module"/>
                    <action event="clicked" cmd="setDef" data="REGISTER_COMBO.register=$PERIPHERALS$"/>
                    <action event="clicked" cmd="setDef" data="REGISTER_COMBO.label=TABLE.registername"/>
                    <action event="clicked" cmd="setDef" data="REGVIEW1.value=TABLE.value"/>
                    <action event="clicked" cmd="setDef" data="REGVIEW1.module=TABLE.module"/>
                    <action event="clicked" cmd="setDef" data="REGVIEW1.register=TABLE.registername"/>
                  </button>
                </verticalcontainer>
                <math define="ADDRESS" svd="0" formula="$ADDRESS$ + $FUNC$*0x80" visible="false" />
                <table label="regtable" define="TABLE" svd="0" numrows="20" sendformat ="02;0x4C;02;1:$VALUE$;1:ADDRESS" recformat="?;?;0x%02x;0x%02x" tooltiprecformat="0;0">
                  <column label="Register"   tooltip="Register Name"                 type="regname" columnwidth="100"/>
                  <column label="Address"    tooltip="Address of register [hex]"     type="address" columnwidth="50" format="0x%02x"/>
                  <column label="W(1)/R(0)"  tooltip="Write/Clear=1 Read=0"          type="func"    columnwidth="60" format="%d" default="1"/>
                  <column label="Value"      tooltip="Value to write in Register"    type="value"   columnwidth="50" format="0x%02x"/>
                  <column label="Delay [ms]" tooltip="Delay after sending in [msec]" type="delay"   columnwidth="70" format="%d"/>
                  <column label="Answer"     tooltip="Answer of device"              type="answer"/>
                  <column label="Comment"    tooltip="Comment of this line"          type="comment" columnwidth="150"/>
                </table>
              </gridcontainer>
            </verticalcontainer>
          </groupcontainer>
        </verticalcontainer>
          <text label="A &lt;i>table&lt;/i> has been added to the example With the &#45;&#45;> button a configured register is copied into the table. This also is done&lt;br/>
                     by specialiced &lt;i>setDef&lt;/i>s as with the comboboxes. The lines in the table can be edited an written back to to RegView/Combos&lt;br/>
                     with the &#171;&#45;&#45; button.
          " font="Helvetica,12,-1,0,50,0,0,0,0,0"/>
          <text/>
          </verticalcontainer>

      <text/>
      
        <horizontalcontainer size="-1;100">
          <text/>
          <groupcontainer size="244;80" color="192;192;192">
            <verticalcontainer>
              <button label="Next" size="200;40" font="Helvetica,12,-1,0,50,0,0,0,0,0" color="90;200;90">
                <action event="clicked" cmd="loadFile" data="RegView3.xml"/>
              </button>
            </verticalcontainer>
          </groupcontainer>
        </horizontalcontainer>
    </verticalcontainer>
  </horizontalcontainer>
</ifxmlcfg>
