<?xml version="1.0" encoding="UTF-8"?>
<ifxmlcfg version="1.0">
	<checksum>7980ea40aedc62bc5ba7965184bf7bc2336f19c6341a6c0f9e155071097ef504</checksum>

  <horizontalcontainer>
    <verticalcontainer>
      <horizontalcontainer size="-1;100">
        
        <groupcontainer size="-1;80" color="192;192;192">
          <verticalcontainer>
            <text label="Register View (3)" font="Helvetica,12,-1,0,70,0,0,0,0,0"/>
          </verticalcontainer>
        </groupcontainer>
        <text/>
        <groupcontainer size="244;80" color="192;192;192">
          <verticalcontainer>
            <button label="Table of Contents" size="200;40" font="Helvetica,12,-1,0,50,0,0,0,0,0" color="128;255;255">
              <action event="clicked" cmd="loadFile" data="Start.xml"/>
            </button>
          </verticalcontainer>
        </groupcontainer>
      </horizontalcontainer>
      
      <text
        label="After having invented the selection of peripheral/register, the configuring of a register and the &lt;i>table&lt;/i>,&lt;br/>
               the following shows additional functionality of the table, triggered by buttons and other UI elements.&lt;br/>
               See the newly added groupboxes &quot;Edit&quot;, &quot;USB&quot; and &quot;Data&quot; right to the table.
        "
        font="Helvetica,12,-1,0,50,0,0,0,0,0" >
      </text>
      <verticalcontainer>
        <verticalcontainer>
        <svd file="TLE94x1.svd"/>
          <groupcontainer label="1. Register Selection" size ="900;-1">
            <verticalcontainer>
              <horizontalcontainer>
                <text label="Register Domain Selection:"/>
                <combo define="$PERIPHERALS$" svd="0" setDef="REGISTER_COMBO.register=$PERIPHERALS$" default="label=CTRL"/>
                <text label="Register Selection:"/>
                <combo define="REGISTER_COMBO" svd="0" setDef="REGVIEW1.module=REGISTER_COMBO.module;REGVIEW1.register=REGISTER_COMBO" default="register=$PERIPHERALS$"/>
                <verticalcontainer>
                  <radio define="REGISTER.READ_WRITE_CLEAR_SEL" svd="0" default="1">
                    <radiobutton label="Read" setDef="TABLE.func=0"/>
                    <radiobutton label="Write/Clear" setDef="TABLE.func=1"/>
                  </radio>
                </verticalcontainer>
              </horizontalcontainer>
              <registerview label="regview" bits="8" numrows="2" define="REGVIEW1" svd="0" sizepolicy="preferred;preferred"/>
            </verticalcontainer>
          </groupcontainer>
          <groupcontainer label="2. Register Compilation" size ="900;-1">
            <verticalcontainer>
              <gridcontainer columns="3">
                <verticalcontainer>
                  <button label="--&gt;" define="UI.COPY_TO_LIST" svd="0">
                    <action event="clicked" cmd="setDef" data="TABLE.value=REGVIEW1.value"/>
                    <action event="clicked" cmd="setDef" data="TABLE.address=REGVIEW1.address"/>
                    <action event="clicked" cmd="setDef" data="TABLE.registername=REGVIEW1.registername"/>
                  </button>
                  <button label="&lt;--" define="UI.COPY_FROM_LIST" svd="0">
                    <action event="clicked" cmd="setDef" data="$PERIPHERALS$.label=TABLE.module"/>
                    <action event="clicked" cmd="setDef" data="REGISTER_COMBO.register=$PERIPHERALS$"/>
                    <action event="clicked" cmd="setDef" data="REGISTER_COMBO.label=TABLE.registername"/>
                    <action event="clicked" cmd="setDef" data="REGVIEW1.value=TABLE.value"/>
                    <action event="clicked" cmd="setDef" data="REGVIEW1.module=TABLE.module"/>
                    <action event="clicked" cmd="setDef" data="REGVIEW1.register=TABLE.registername"/>
                  </button>
                </verticalcontainer>
                <math define="ADDRESS" svd="0" formula="$ADDRESS$ + $FUNC$*0x80" visible="false" />
                <table label="regtable" define="TABLE" svd="0" numrows="20" sendformat ="02;0x4C;02;1:$VALUE$;1:ADDRESS" recformat="?;?;0x%02x;0x%02x" tooltiprecformat="0;0">
                  <column label="Register"   tooltip="Register Name"                 type="regname" columnwidth="100"/>
                  <column label="Address"    tooltip="Address of register [hex]"     type="address" columnwidth="50" format="0x%02x"/>
                  <column label="W(1)/R(0)"  tooltip="Write/Clear=1 Read=0"          type="func"    columnwidth="60" format="%d" default="1"/>
                  <column label="Value"      tooltip="Value to write in Register"    type="value"   columnwidth="50" format="0x%02x"/>
                  <column label="Delay [ms]" tooltip="Delay after sending in [msec]" type="delay"   columnwidth="70" format="%d"/>
                  <column label="Answer"     tooltip="Answer of device"              type="answer"/>
                  <column label="Comment"    tooltip="Comment of this line"          type="comment" columnwidth="150"/>
                </table>
                <verticalcontainer>
                  <groupcontainer label="Edit">
                    <verticalcontainer>
                      <checkbox label="Overwrite line" define="INSERT_MODE" svd="0" default="1">
                        <action event="unchecked" cmd="setDef" data="TABLE.insertmode=1"/>
                        <action event="checked" cmd="setDef" data="TABLE.insertmode=0"/>
                      </checkbox>
                      <button label="Delete Line" define="DELETE_LINE" svd="0">
                        <action event="clicked" cmd="setDef" data="TABLE.delete=1"/>
                      </button>
                      <button label="Delete All" define="DELETE_ALL" svd="0">
                        <action event="clicked" cmd="setDef" data="TABLE.deleteall=1"/>
                      </button>
                    </verticalcontainer>
                  </groupcontainer>
                  <groupcontainer label="USB">
                    <verticalcontainer>
                      <button label="--> SEND" define="SEND_USB" svd="0">
                        <action event="clicked" cmd="setDef" data="TABLE.sendusb=1"/>
                      </button>
                      <checkbox label="Single-Step" define="SINGLE_STEP" svd="0">
                        <action event="checked" cmd="setDef" data="TABLE.singlestep=1"/>
                        <action event="unchecked" cmd="setDef" data="TABLE.singlestep=0"/>
                      </checkbox>
                      <horizontalcontainer>
                        <text label="Loop count"></text>
                        <spinbox label="Loop" define="TABLE_LOOP" svd="0" default="1">
                          <action event="changed" cmd="setDef" data="TABLE.sendloop=TABLE_LOOP"/>
                        </spinbox>
                      </horizontalcontainer>
                    </verticalcontainer>
                  </groupcontainer>
                  <groupcontainer label="Data">
                    <verticalcontainer>
                      <button label="Load" define="LOAD" svd="0">
                        <action event="clicked" cmd="setDef" data="TABLE.load=1"/>
                      </button>
                      <button label="Save" define="SAVE" svd="0">
                        <action event="clicked" cmd="setDef" data="TABLE.save=1"/>
                      </button>
                      <button label="Export" define="EXPORT" svd="0">
                        <action event="clicked" cmd="setDef" data="TABLE.export=1"/>
                      </button>
                    </verticalcontainer>
                  </groupcontainer>
                </verticalcontainer>
              </gridcontainer>
            </verticalcontainer>
          </groupcontainer>
        </verticalcontainer>
          <text label="The &quot;Edit&quot; group contains functions for deleting line(s) in the table and switching the edit mode between &quot;insert&quot; and &quot;overwrite&quot;.&lt;br/>
                       The &quot;USB&quot; group lets the user send the data of the table to the uIO device, selecting single step mode and execute the table in a loop.&lt;br/>
                       The &quot;Data&quot; groups buttons finally trigger functions for saving the tables data to a file and loading it back, as well as exporting the table to 'C' code.
          " font="Helvetica,12,-1,0,50,0,0,0,0,0"/>
          <text/>
          </verticalcontainer>

      <text/>
      
        <horizontalcontainer size="-1;100">
          <text/>
          <groupcontainer size="244;80" color="192;192;192">
            <verticalcontainer>
              <button label="Next" size="200;40" font="Helvetica,12,-1,0,50,0,0,0,0,0" color="90;200;90">
                <action event="clicked" cmd="loadFile" data="Start.xml"/>
              </button>
            </verticalcontainer>
          </groupcontainer>
        </horizontalcontainer>
    </verticalcontainer>
  </horizontalcontainer>
</ifxmlcfg>
