<?xml version="1.0" encoding="UTF-8"?>
<ifxmlcfg version="1.0">
	<checksum>9d0fda0b84ae2f1c0d4535786520b6f8aa5f333daafe0d086d4f8d7cfa886927</checksum>

  <horizontalcontainer>
    <verticalcontainer size="150;-1" sizepolicy="fixed;fixed"/>
      <horizontalcontainer>
        <verticalcontainer>
          <button label="Overview of the Config Wizard Script XML" size="420;40" font="Helvetica,12,-1,0,50,0,0,0,0,0">
            <action event="clicked" cmd="loadFile" data="Overview.xml"/>
          </button>

          <button label="Basic UI Elements" size="420;40" font="Helvetica,12,-1,0,50,0,0,0,0,0">
            <action event="clicked" cmd="loadFile" data="BasicUIElements.xml"/>
          </button>

          <button label="Containers" size="420;40" font="Helvetica,12,-1,0,50,0,0,0,0,0">
            <action event="clicked" cmd="loadFile" data="Containers1.xml"/>
          </button>

          <button label="Attributes" size="420;40" font="Helvetica,12,-1,0,50,0,0,0,0,0">
            <action event="clicked" cmd="loadFile" data="Attributes1.xml"/>
          </button>

          <button label="Actions" size="420;40" font="Helvetica,12,-1,0,50,0,0,0,0,0">
            <action event="clicked" cmd="loadFile" data="Actions1.xml"/>
          </button>

          <button label="Advanced Elements" size="420;40" font="Helvetica,12,-1,0,50,0,0,0,0,0">
            <action event="clicked" cmd="loadFile" data="AdvancedUIElements1.xml"/>
          </button>

          <button label="Locks" size="420;40" font="Helvetica,12,-1,0,50,0,0,0,0,0">
            <action event="clicked" cmd="loadFile" data="Locks1.xml"/>
          </button>

        </verticalcontainer>
        <verticalcontainer>
          <button label="SVDs / Header files" size="420;40" font="Helvetica,12,-1,0,50,0,0,0,0,0">
            <action event="clicked" cmd="loadFile" data="SVD1.xml"/>
          </button>

          <button label="Additional XML elements" size="420;40" font="Helvetica,12,-1,0,50,0,0,0,0,0">
            <action event="clicked" cmd="loadFile" data="AdditionalElements.xml"/>
          </button>
        
          <button label="Register View" size="420;40" font="Helvetica,12,-1,0,50,0,0,0,0,0">
            <action event="clicked" cmd="loadFile" data="RegView1.xml"/>
          </button>

          <!--<button label="Typical online mode examples" size="420;40" font="Helvetica,12,-1,0,50,0,0,0,0,0">
            <action event="clicked" cmd="loadFile" data="OnlineExamples1.xml"/>
          </button>

          <button label="Typical offline mode examples" size="420;40" font="Helvetica,12,-1,0,50,0,0,0,0,0">
            <action event="clicked" cmd="loadFile" data="OfflineExamples1.xml"/>
          </button>
        
          <button label="Batch Files" size="420;40" font="Helvetica,12,-1,0,50,0,0,0,0,0">
            <action event="clicked" cmd="loadFile" data="BatchFiles1.xml"/>
          </button>

          <button label="Reference" size="420;40" font="Helvetica,12,-1,0,50,0,0,0,0,0">
            <action event="clicked" cmd="loadFile" data="Reference1.xml"/>
          </button>-->

        </verticalcontainer>
      </horizontalcontainer>
    </horizontalcontainer>
</ifxmlcfg>
