<?xml version="1.0" encoding="UTF-8"?>
<ifxmlcfg version="1.0">
	<checksum>68d014d26f452b1fec81e2bd83ff2d6e8c17420b9a794df611e45034327fc702</checksum>

  <horizontalcontainer>
    <verticalcontainer>
      <horizontalcontainer size="-1;100">
        
        <groupcontainer size="-1;80" color="192;192;192">
          <verticalcontainer>
            <text label="SVD / Header file generation (1)" font="Helvetica,12,-1,0,70,0,0,0,0,0"/>
          </verticalcontainer>
        </groupcontainer>
        <text/>
        <groupcontainer size="244;80" color="192;192;192">
          <verticalcontainer>
            <button label="Table of Contents" size="200;40" font="Helvetica,12,-1,0,50,0,0,0,0,0" color="128;255;255">
              <action event="clicked" cmd="loadFile" data="Start.xml"/>
            </button>
          </verticalcontainer>
        </groupcontainer>
      </horizontalcontainer>
      
      <text
        label="One of the two main purposes of Config Wizard (besides sending data via uIO) is configuring a&lt;br/>
        controller and writing this configuration data to header files where they can be included in a 'C'&lt;br/>
        project. The structure of such a controller normally does not have to be implemented by the&lt;br/>
        XML developer but is available in a so called svd file that describes a certain controller and can&lt;br/>
        be included by the &lt;i>svd&lt;/i> command. When a svd file is loaded, all registers contained in it become&lt;br/>
        &lt;i>define&lt;/i>s. The remaining job of the developer is to bring these datastructures onto screen. Another&lt;br/>
        help herein is that symbolic values of a register, so called 'enumerations' can be imported from&lt;br/>
        svd to &lt;i>combobox&lt;/i>es directly.
        "
        font="Helvetica,12,-1,0,50,0,0,0,0,0" >
      </text>

      <gridcontainer columns="2" font="Helvetica,12,-1,0,50,0,0,0,0,0">
        <verticalcontainer>
          <svd file="TLE987x.svd"/>
          <treecontainer headerlabels="Structure;Settings;" columnwidths="220;200" size="550;150" font="Helvetica,12,-1,0,50,0,0,0,0,0">
            <combo label="Trigger" define="ADC1.CHx_ESM.TRIG_SEL"/>
          </treecontainer>
          <text label="This is a combobox filled with enums from a svd file.&lt;br/>
                       The register is referenced via the &lt;i>define&lt;/i> of the combobox, which has to be in a&lt;br/>
                       dotted notation in the form &lt;i>peripheral.register.field&lt;/i>, where the parts refer to the&lt;br/>
                       sections with the according name in the svd file.
                " font="Helvetica,12,-1,0,50,0,0,0,0,0"/>
          </verticalcontainer>
        <verticalcontainer>
          <text label="&lt;u>&lt;b>Syntax:&lt;/b>&lt;/u>"/>
          
          <text label="&lt;svd file=&quot;TLE987x.svd&quot;/>"/>
          <text label="&lt;treecontainer headerlabels=&quot;Structure;Settings;&quot; columnwidths=&quot;220;200&quot; size=&quot;550;150&quot;>"/>
          <text label="  &lt;combo label=&quot;Trigger&quot; define=&quot;ADC1.CHx_ESM.TRIG_SEL&quot;/>"/>
          <text label="&lt;/treecontainer>"/>
          
          <text label="&lt;i>define&lt;/i> references to a field in the svd file."/>
          <text/>
          <text/>
        </verticalcontainer>
      </gridcontainer>
      
      <horizontalline size="-1;7"/>
        
      <gridcontainer columns="2" font="Helvetica,12,-1,0,50,0,0,0,0,0">
        <verticalcontainer>
          <svd file="TLE987x.svd"/>
          <treecontainer headerlabels="Structure;Settings;" columnwidths="220;200" size="550;150">
            <combo label="N-Multiplier" define="SCU.PLL_CON.NDIV" default="label=16">
				  		<item label="8" override="value1"/>
				  		<item label="9" override="value2"/>
				  		<item label="10" override="value3"/>
				  		<item label="12" override="value4"/>
				  		<item label="14" override="value5"/>
				  		<item label="15" override="value6"/>
				  		<item label="16" override="value7"/>
				  		<item label="18" override="value8"/>
				  		<item label="20" override="value9"/>
				  		<item label="21" override="value10"/>
				  		<item label="22" override="value11"/>
				  		<item label="24" override="value12"/>
				  		<item label="25" override="value13"/>
				  		<item label="26" override="value14"/>
				  		<item label="27" override="value15"/>
				  		<item label="28" override="value16"/>
				  	</combo>
          </treecontainer>
          <text label="As one can see in the first example, the enums are often not very meaningful&lt;br/>
            or even missing. With the &lt;i>override&lt;/i> attribute these strings can be substituted.&lt;br/>
            The &lt;i>hide&lt;/i> attribute can be used to omit one or more enums.
            " font="Helvetica,12,-1,0,50,0,0,0,0,0"/>
          <text/>
          </verticalcontainer>
        <verticalcontainer>
          <text label="&lt;u>&lt;b>Syntax:&lt;/b>&lt;/u>"/>
          
          <text label="&lt;svd file=&quot;TLE987x.svd&quot;/>"/>
          <text label="&lt;treecontainer headerlabels=&quot;Structure;Settings;&quot;"/>
          <text label="  &lt;combo label=&quot;N-Multiplier&quot; define=&quot;SCU.PLL_CON.NDIV&quot; default=&quot;label=16&quot;>"/>
				  <text label="		&lt;item label=&quot;8&quot; override=&quot;value1&quot;/>"/>
				  <text label="		&lt;item label=&quot;9&quot; override=&quot;value2&quot;/>"/>
				  <text label="		..."/>
				  <text label="	&lt;/combo>"/>
          <text label="&lt;/treecontainer>"/>
              
          <text label="&lt;i>override&lt;/i> changes a single label."/>
          <text/>
        </verticalcontainer>
      </gridcontainer>

      <text/>
      
        <horizontalcontainer size="-1;100">
          <text/>
          <groupcontainer size="244;80" color="192;192;192">
            <verticalcontainer>
              <button label="Next" size="200;40" font="Helvetica,12,-1,0,50,0,0,0,0,0" color="90;200;90">
                <action event="clicked" cmd="loadFile" data="SVD2.xml"/>
              </button>
            </verticalcontainer>
          </groupcontainer>
        </horizontalcontainer>
    </verticalcontainer>
  </horizontalcontainer>
</ifxmlcfg>
