<?xml version="1.0" encoding="UTF-8"?>
<ifxmlcfg version="1.0">
	<checksum>acd66df32fb2c48190581eda9d97a5fb1c95063d052deb198e26ecd255adb6fc</checksum>

  <horizontalcontainer>
    <verticalcontainer>
      <horizontalcontainer size="-1;100">
        
        <groupcontainer size="-1;80" color="192;192;192">
          <verticalcontainer>
            <text label="SVD / Header file generation (2)" font="Helvetica,12,-1,0,70,0,0,0,0,0"/>
          </verticalcontainer>
        </groupcontainer>
        <text/>
        <groupcontainer size="244;80" color="192;192;192">
          <verticalcontainer>
            <button label="Table of Contents" size="200;40" font="Helvetica,12,-1,0,50,0,0,0,0,0" color="128;255;255">
              <action event="clicked" cmd="loadFile" data="Start.xml"/>
            </button>
          </verticalcontainer>
        </groupcontainer>
      </horizontalcontainer>
      
      <text
        label="To let the user fill all the registers of a controller by UI elements is one thing, the other is to write&lt;br/>
        this configuration data to 'C' header files. This is done automatically when the user selects the&lt;br/>
        &quot;File / Export Header Files&quot; menu entry of the Config Wizard.&lt;br/>
        The UI elements normally are combined into sensible groups onto the screen (for let the user&lt;br/>
        simply find his way through the register cemetary), e.g. with the &lt;i>tab&lt;/i> container.&lt;br/>
        Additionally the registers must be bound to an output header file, that is to which header file a&lt;br/>
        certain register is written. This is done with the &lt;i>header&lt;/i> element that assigns all UI elements that&lt;br/>
        are its children to the header file stated in its &lt;i>file&lt;/i> attribute.&lt;br/>
        It also can be used as an attribute in UI elements in the form &lt;i>header=&quot;headerfilename&quot;&lt;/i>.&lt;br/>

        Not all registers contained in a svd are automatically written to header files, but only these that are&lt;br/>
        embraced in a &lt;i>header&lt;/i> element are exported to their belonging headerfile along with their current value.&lt;br/>
        "
        font="Helvetica,12,-1,0,50,0,0,0,0,0" >
      </text>

      <gridcontainer columns="2" font="Helvetica,12,-1,0,50,0,0,0,0,0">
        <verticalcontainer>
        <treecontainer headerlabels="Structure;Settings;" columnwidths="220;200" size="550;300">
          <header file="scu_defines.h">
            <checkbox label="Override Internal Oscillator Frequency" define="SCU.INT_OSC_OVERRIDE_EN" svd="0" uielement="branch">
              <doublespinbox label="Int. fOSC" define="SCU.INT_OSC" svd="0" default="5.0" suffix=" MHz" step="0.1"/>
            </checkbox>
            <radio define="SCU.AUTO_FSYS_SEL" svd="0">
              <radiobutton label="Automatic Clock Configuration" lockon="SCU.XTAL_EN=0" uielement="branch">
                <combo label="fSYS" define="SCU.AUTO_FSYS[31:0]" svd="0" default="24000000">
                  <item label="40 MHz" value="40000000" lockon="SCU.CMCON1.K2DIV.label=2;SCU.APCLK1.APCLK1FAC.label=fSYS / 2;SCU.APCLK2.APCLK2FAC=19;SCU.CMCON1.VCOSEL.label=48-112MHz"/>
                  <item label="33.3 MHz" value="33333333" lockon="SCU.CMCON1.K2DIV.label=3;SCU.APCLK1.APCLK1FAC.label=fSYS / 2;SCU.APCLK2.APCLK2FAC=15;SCU.CMCON1.VCOSEL.label=48-112MHz"/>
                  <item label="24 MHz" value="24000000" lockon="SCU.CMCON1.K2DIV.label=5;SCU.APCLK1.APCLK1FAC.label=fSYS;SCU.APCLK2.APCLK2FAC=11;SCU.CMCON1.VCOSEL.label=96-160MHz"/>
                  <item label="20 MHz" value="20000000" lockon="SCU.CMCON1.K2DIV.label=4;SCU.APCLK1.APCLK1FAC.label=fSYS;SCU.APCLK2.APCLK2FAC=9;SCU.CMCON1.VCOSEL.label=48-112MHz"/>
                  <item label="12 MHz" value="12000000" lockon="SCU.CMCON1.K2DIV.label=5;SCU.APCLK1.APCLK1FAC.label=fSYS;SCU.APCLK2.APCLK2FAC=5;SCU.CMCON1.VCOSEL.label=48-112MHz"/>
                  <item label="10 MHz" value="10000000" lockon="SCU.CMCON1.K2DIV.label=4;SCU.APCLK1.APCLK1FAC.label=fSYS;SCU.APCLK2.APCLK2FAC=4;SCU.CMCON1.VCOSEL.label=48-112MHz"/>
                </combo>
              </radiobutton>
              <radiobutton label="Manual Clock Configuration" uielement="branch">
                <checkbox define="SCU.XTAL_EN" svd="0" label="Enable external XTAL" uielement="branch">
                  <doublespinbox define="SCU.XTAL_FREQ" svd="0" label="XTAL Frequency" default="5.0" suffix=" MHz" range="5;25"/>
                </checkbox>
                <branch label="PLL Setting">
                  <combo label="N-Multiplier" define="SCU.PLL_CON.NDIV" default="label=12">
                    <item label="8"/>
                    <item label="9"/>
                    <item label="10"/>
                    <item label="12"/>
                  </combo>
                  <combo label="K2-Divider" define="SCU.CMCON1.K2DIV" default="label=2">
                    <item label="2"/>
                    <item label="3"/>
                    <item label="4"/>
                    <item label="5"/>
                  </combo>
                  <combo label="VCO Range" define="SCU.CMCON1.VCOSEL">
                    <item label="48-112MHz"/>
                    <item label="96-160MHz"/>
                  </combo>
                  <math label="fSYS" define="SCU.FSYS" svd="0" unit="Hz" format="%g" formula="(SCU.XTAL_EN&lt;1?(SCU.INT_OSC_OVERRIDE_EN?SCU.INT_OSC:5)*1000000:SCU.XTAL_FREQ*1000000)*SCU.PLL_CON.NDIV.label/SCU.CMCON1.K2DIV.label"/>
                </branch>
                <branch label="Analog Clock Configuration">
                  <combo label="MI_CLK (~20MHz)" define="SCU.APCLK1.APCLK1FAC">
                    <item label="fSYS"/>
                    <item label="fSYS / 2"/>
                    <item label="fSYS / 3"/>
                    <item label="fSYS / 4"/>
                  </combo>
                  <!--<math label="MI_CLK (should be ~20MHz)" unit="MHz" define="SCU.APCLK_MI_CLK" svd="0" formula="SCU.PLL_fPLL/(SCU.APCLK1.APCLK1FAC+1)" format="%g"/>-->
                  <spinbox label="Filter Clock Divider" range="0;31" define="SCU.APCLK2.APCLK2FAC" default="9"/>
                  <!--<math label="Filter Clock (~2MHz)" unit="MHz" define="SCU.APCLK_FILT_CLK" svd="0" formula="SCU.PLL_fPLL/(SCU.APCLK2.APCLK2FAC+1)" format="%g"/>-->
                </branch>
              </radiobutton>
            </radio>
          </header>
        </treecontainer>
        <text label="Treecontainer with UI elements assigned to a 'C' header file.&lt;br/>
                     This example doesn't use a svd file, as it would be the normal case for a complex controller.&lt;br/>
                     Use the &quot;File / Export Header Files&quot; menu entry to generate the &quot;scu_defines.h&quot; file.
          " font="Helvetica,12,-1,0,50,0,0,0,0,0"/>
          <text/>
          </verticalcontainer>
        <verticalcontainer>
          <text label="&lt;u>&lt;b>Syntax:&lt;/b>&lt;/u>"/>
          <text label="&lt;header file=&quot;scu_defines.h&quot;>"/>
            <text label="&lt;treecontainer headerlabels=&quot;Structure;Settings;&quot;"/>
          <text label="&#160;&#160;&lt;checkbox label=&quot;Override Internal Oscillator Frequency&quot; define=&quot;SCU.INT_OSC_OVERRIDE_EN&quot; svd=&quot;0&quot; uielement=&quot;branch&quot;>"/>
          <text label="&#160;&#160;&#160;&#160;&lt;doublespinbox label=&quot;Int. fOSC&quot; define=&quot;SCU.INT_OSC&quot; svd=&quot;0&quot; default=&quot;5.0&quot; suffix=&quot; MHz&quot; step=&quot;0.1&quot;/>"/>
          <text label="&#160;&#160;&lt;/checkbox>"/>
          <text label="&#160;&#160;&lt;radio define=&quot;SCU.AUTO_FSYS_SEL&quot; svd=&quot;0&quot;>"/>

          <text label="&#160;&#160;&#160;&#160;&lt;radiobutton label=&quot;Automatic Clock Configuration&quot; lockon=&quot;SCU.XTAL_EN=0&quot; uielement=&quot;branch&quot;>"/>
          <text label="&#160;&#160;&#160;&#160;&#160;&#160;&lt;combo label=&quot;fSYS&quot; define=&quot;SCU.AUTO_FSYS[31:0]&quot; svd=&quot;0&quot; default=&quot;24000000&quot;>"/>
          <text label="&#160;&#160;&#160;&#160;&#160;&#160;&#160;&#160;&lt;item label=&quot;40 MHz&quot; value=&quot;40000000&quot;/>"/>

          <text label="&#160;&#160;&#160;&#160;..."/>
          <text label="&#160;&#160;..."/>
          <text label="&lt;/treecontainer>"/>
          <text label="&lt;i>pos&lt;/i> the absolute position of the UI element within the absolutecontainer."/>
          <text/>
          <text/>
        </verticalcontainer>
      </gridcontainer>

      <text/>
      
        <horizontalcontainer size="-1;100">
          <text/>
          <groupcontainer size="244;80" color="192;192;192">
            <verticalcontainer>
              <button label="Next" size="200;40" font="Helvetica,12,-1,0,50,0,0,0,0,0" color="90;200;90">
                <action event="clicked" cmd="loadFile" data="AdditionalElements.xml"/>
              </button>
            </verticalcontainer>
          </groupcontainer>
        </horizontalcontainer>
    </verticalcontainer>
  </horizontalcontainer>
</ifxmlcfg>
