<?xml version="1.0" encoding="UTF-8"?>
<ifxmlcfg version="2.0.4">
	<checksum>ecaf8ffa626161400c4a6a6c5b9b5fa7bcd22098712852e4384cf59731070ae8</checksum>
	<version label="V0.0.4"/>	
	<horizontalcontainer image=":/images/backgroundNew.png" label="System Basis Chips">
		<gridcontainer sizepolicy="fixed;fixed" columns="4" color="00;00;00;00">
			<button icon="index/iconTLE94x1_Lib.png" size="120;120">
				<action event="clicked" cmd="loadFile" data="TLE94x1_Lib.xml"/>
			</button>
		</gridcontainer>
	</horizontalcontainer>
</ifxmlcfg>
